"Дата","Цена","Откр.","Макс.","Мин.","Объём","Изм. %"
"24.02.2025","4,66","4,66","4,74","4,59","5,69M","0,65%"
"21.02.2025","4,63","4,57","4,80","4,55","7,10M","1,76%"
"20.02.2025","4,55","4,55","4,63","4,53","5,52M","0,55%"
"19.02.2025","4,52","4,57","4,63","4,40","7,01M","-0,88%"
"18.02.2025","4,56","4,59","4,80","4,51","17,59M","-0,87%"
"17.02.2025","4,60","4,42","4,65","4,41","19,78M","6,48%"
"14.02.2025","4,32","4,29","4,57","4,24","36,04M","2,37%"
"13.02.2025","4,22","4,29","4,34","4,18","6,67M","1,20%"
"12.02.2025","4,17","4,24","4,30","4,15","5,37M","-1,30%"
"11.02.2025","4,22","4,27","4,30","4,18","3,54M","-1,05%"
"10.02.2025","4,27","4,30","4,34","4,24","3,04M","0,47%"
"07.02.2025","4,25","4,28","4,45","4,20","13,16M","-0,23%"
"06.02.2025","4,26","4,28","4,38","4,20","11,32M","1,55%"
"05.02.2025","4,20","4,28","4,29","4,11","4,71M","-1,53%"
"04.02.2025","4,26","4,24","4,35","4,22","6,04M","1,31%"
"03.02.2025","4,20","4,23","4,39","4,20","7,00M","-1,75%"
"31.01.2025","4,28","4,16","4,38","4,16","13,94M","3,51%"
"30.01.2025","4,14","4,11","4,20","4,11","1,89M","0,49%"
"29.01.2025","4,11","4,15","4,28","4,07","6,48M","-0,36%"
"28.01.2025","4,13","4,11","4,20","4,04","3,01M","0,24%"
"27.01.2025","4,12","4,25","4,25","4,11","3,07M","-2,60%"
"24.01.2025","4,23","4,22","4,30","4,20","4,79M","0,83%"
"23.01.2025","4,20","4,36","4,47","4,15","14,29M","-3,78%"
"22.01.2025","4,36","4,00","4,36","3,98","57,43M","9,82%"
"21.01.2025","3,97","3,95","4,00","3,91","1,88M","-0,25%"
"20.01.2025","3,98","4,06","4,10","3,92","4,46M","-2,21%"
"17.01.2025","4,07","4,06","4,13","4,01","4,83M","0,25%"
"16.01.2025","4,06","3,96","4,14","3,93","7,06M","3,70%"
"15.01.2025","3,91","4,03","4,05","3,80","8,58M","-2,85%"
"14.01.2025","4,03","4,05","4,07","3,96","4,51M","-0,37%"
"13.01.2025","4,05","4,13","4,22","4,00","6,54M","-2,06%"
"10.01.2025","4,13","3,97","4,24","3,96","16,67M","4,82%"
"09.01.2025","3,94","4,22","4,22","3,83","14,75M","-5,74%"
"08.01.2025","4,18","4,49","4,55","4,17","44,22M","0,72%"
"06.01.2025","4,15","3,45","4,15","3,45","47,79M","21,52%"
"03.01.2025","3,41","3,42","3,63","3,30","9,23M","-0,15%"
"30.12.2024","3,42","3,20","3,45","3,18","9,32M","7,55%"
"28.12.2024","3,18","3,19","3,21","3,14","2,13M","0,00%"
"27.12.2024","3,18","3,23","3,23","3,15","1,97M","-0,93%"
"26.12.2024","3,21","3,22","3,29","3,20","2,66M","0,63%"
"25.12.2024","3,19","3,20","3,25","3,18","1,90M","0,00%"
"24.12.2024","3,19","3,29","3,30","3,17","2,69M","-3,48%"
"23.12.2024","3,31","3,30","3,35","3,28","4,43M","0,30%"
"20.12.2024","3,30","3,16","3,34","3,15","4,62M","5,27%"
"19.12.2024","3,13","3,07","3,27","3,07","3,70M","2,29%"
"18.12.2024","3,06","3,03","3,07","2,99","929,40K","2,17%"
"17.12.2024","2,99","3,02","3,14","2,98","1,80M","-0,99%"
"16.12.2024","3,03","3,12","3,13","3,01","1,59M","-3,20%"
"13.12.2024","3,13","3,12","3,14","3,07","1,48M","-0,95%"
"12.12.2024","3,15","3,18","3,22","3,14","1,91M","-1,10%"
"11.12.2024","3,19","3,20","3,28","3,15","1,83M","-2,00%"
"10.12.2024","3,26","3,26","3,34","3,21","2,37M","-2,25%"
"09.12.2024","3,33","3,17","3,49","3,12","6,40M","5,38%"
"06.12.2024","3,16","3,17","3,16","3,11","1,88M","1,28%"
"05.12.2024","3,12","3,06","3,14","3,04","1,20M","1,46%"
"04.12.2024","3,08","3,11","3,12","3,05","910,30K","-0,32%"
"03.12.2024","3,09","3,14","3,14","3,07","1,04M","-1,75%"
"02.12.2024","3,14","3,13","3,19","3,13","1,80M","0,64%"
"29.11.2024","3,12","3,12","3,14","3,08","1,46M","2,30%"
"28.11.2024","3,05","3,01","3,20","3,01","2,65M","1,67%"
"27.11.2024","3,00","3,12","3,12","2,87","8,96M","-3,69%"
"26.11.2024","3,12","3,31","3,57","3,02","7,98M","-5,03%"
"25.11.2024","3,28","3,40","3,40","3,24","3,17M","-3,67%"
"22.11.2024","3,40","3,53","3,54","3,40","1,25M","-0,87%"
"21.11.2024","3,43","3,51","3,58","3,33","2,81M","-1,15%"
"20.11.2024","3,47","3,52","3,69","3,47","3,78M","-0,86%"
"19.11.2024","3,51","3,61","3,61","3,49","1,35M","-2,91%"
"18.11.2024","3,61","3,65","3,65","3,57","1,81M","-1,50%"
"15.11.2024","3,66","3,70","3,72","3,62","1,63M","-0,81%"
"14.11.2024","3,69","3,68","3,80","3,68","1,40M","-0,81%"
"13.11.2024","3,72","3,66","3,74","3,63","1,02M","1,92%"
"12.11.2024","3,65","3,73","3,77","3,65","1,27M","-2,01%"
"11.11.2024","3,73","3,70","3,77","3,67","2,00M","1,91%"
"08.11.2024","3,66","3,59","3,69","3,58","1,94M","3,24%"
"07.11.2024","3,55","3,57","3,57","3,46","623,60K","0,57%"
"06.11.2024","3,53","3,59","3,60","3,48","1,54M","0,71%"
"05.11.2024","3,50","3,46","3,53","3,45","1,39M","0,86%"
"02.11.2024","3,47","3,43","3,49","3,41","931,60K","1,61%"
"01.11.2024","3,41","3,44","3,46","3,34","2,81M","-0,58%"
"31.10.2024","3,43","3,45","3,47","3,40","1,68M","-0,72%"
"30.10.2024","3,46","3,53","3,60","3,34","4,03M","-1,84%"
"29.10.2024","3,53","3,47","3,57","3,43","2,30M","1,88%"
"28.10.2024","3,46","3,61","3,67","3,44","3,09M","-4,16%"
"25.10.2024","3,61","3,76","3,77","3,56","2,99M","-3,86%"
"24.10.2024","3,76","3,73","3,78","3,70","1,10M","-0,53%"
"23.10.2024","3,78","3,83","3,83","3,70","1,93M","-1,18%"
"22.10.2024","3,82","3,89","3,89","3,80","2,36M","-1,80%"
"21.10.2024","3,89","3,90","3,92","3,87","1,38M","0,00%"
"18.10.2024","3,89","3,89","3,99","3,85","3,40M","0,00%"
"17.10.2024","3,89","3,94","3,97","3,89","2,33M","-1,39%"
"16.10.2024","3,94","4,00","4,07","3,91","3,12M","-1,25%"
"15.10.2024","3,99","3,98","4,07","3,97","2,68M","0,00%"
"14.10.2024","3,99","3,88","4,04","3,86","4,00M","2,04%"
"11.10.2024","3,91","3,97","3,98","3,85","2,52M","-1,39%"
"10.10.2024","3,97","4,01","4,14","3,89","5,27M","-1,61%"
"09.10.2024","4,03","3,93","4,30","3,91","15,22M","4,26%"
"08.10.2024","3,87","3,83","3,99","3,81","1,95M","-0,26%"
"07.10.2024","3,88","3,92","3,95","3,85","1,80M","-0,39%"
"04.10.2024","3,89","3,89","4,03","3,89","2,73M","0,39%"
"03.10.2024","3,88","3,86","3,93","3,79","2,06M","0,52%"
"02.10.2024","3,86","3,93","3,99","3,85","1,52M","-2,03%"
"01.10.2024","3,94","4,00","4,01","3,91","2,50M","-2,23%"
"30.09.2024","4,03","3,98","4,09","3,94","3,65M","2,28%"
"27.09.2024","3,94","3,98","4,00","3,74","5,86M","-1,13%"
"26.09.2024","3,98","4,00","4,22","3,89","5,95M","-0,38%"
"25.09.2024","4,00","4,16","4,21","3,95","4,82M","-3,50%"
"24.09.2024","4,14","4,30","4,40","4,09","10,91M","-2,24%"
"23.09.2024","4,24","4,03","4,38","4,03","20,73M","4,31%"
"20.09.2024","4,07","3,70","4,43","3,70","32,80M","7,97%"
"19.09.2024","3,77","3,71","3,84","3,66","3,81M","1,21%"
"18.09.2024","3,72","3,78","3,78","3,70","1,74M","-1,33%"
"17.09.2024","3,77","3,81","3,81","3,69","3,77M","-0,26%"
"16.09.2024","3,78","3,71","3,94","3,67","5,40M","1,34%"
"13.09.2024","3,73","3,70","3,76","3,61","4,83M","-0,27%"
"12.09.2024","3,74","3,80","3,87","3,67","5,20M","-1,32%"
"11.09.2024","3,79","3,77","3,83","3,73","2,93M","0,00%"
"10.09.2024","3,79","3,90","3,92","3,76","8,37M","0,26%"
"09.09.2024","3,78","3,67","3,79","3,67","11,80M","5,29%"
"06.09.2024","3,59","3,61","3,63","3,51","4,33M","-0,28%"
"05.09.2024","3,60","3,48","3,68","3,45","15,59M","4,96%"
"04.09.2024","3,43","3,32","3,47","3,32","8,57M","3,31%"
"03.09.2024","3,32","3,45","3,53","3,16","14,34M","-1,78%"
"02.09.2024","3,38","3,63","3,68","3,35","14,74M","-9,14%"
"30.08.2024","3,72","3,63","3,93","3,66","4,22M","-5,10%"
"29.08.2024","3,92","3,96","3,99","3,92","1,60M","-1,01%"
"28.08.2024","3,96","4,01","4,01","3,90","2,90M","-1,98%"
"27.08.2024","4,04","4,07","4,14","4,01","5,07M","0,75%"
"26.08.2024","4,01","3,99","4,05","3,96","2,99M","3,89%"
"23.08.2024","3,86","4,09","4,09","3,86","5,70M","-5,39%"
"22.08.2024","4,08","4,11","4,14","4,07","1,74M","-0,73%"
"21.08.2024","4,11","4,11","4,16","4,08","2,42M","0,24%"
"20.08.2024","4,10","4,14","4,18","4,08","2,03M","-1,20%"
"19.08.2024","4,15","4,22","4,22","4,14","2,93M","-1,66%"
"16.08.2024","4,22","4,18","4,28","4,14","11,30M","0,48%"
"15.08.2024","4,20","4,20","4,24","4,15","4,01M","0,48%"
"14.08.2024","4,18","4,29","4,32","4,17","2,95M","-2,56%"
"13.08.2024","4,29","4,29","4,30","4,17","4,57M","2,39%"
"12.08.2024","4,19","4,23","4,28","4,16","3,00M","-0,71%"
"09.08.2024","4,22","4,19","4,32","4,19","12,35M","0,96%"
"08.08.2024","4,18","4,13","4,32","4,11","11,28M","1,21%"
"07.08.2024","4,13","4,13","4,16","4,07","2,02M","0,00%"
"06.08.2024","4,13","4,13","4,20","4,07","6,58M","1,23%"
"05.08.2024","4,08","3,92","4,11","3,91","9,28M","2,00%"
"02.08.2024","4,00","4,03","4,07","3,96","6,06M","-0,74%"
"01.08.2024","4,03","4,14","4,19","4,01","4,20M","-2,66%"
"31.07.2024","4,14","4,03","4,20","4,02","10,88M","3,50%"
"30.07.2024","4,00","4,03","4,07","3,92","6,12M","2,30%"
"29.07.2024","3,91","4,06","4,08","3,90","6,52M","-4,40%"
"26.07.2024","4,09","4,21","4,24","4,02","7,38M","-2,85%"
"25.07.2024","4,21","4,16","4,30","4,05","7,80M","1,20%"
"24.07.2024","4,16","4,01","4,26","4,00","15,10M","3,74%"
"23.07.2024","4,01","4,04","4,14","3,93","5,92M","-0,50%"
"22.07.2024","4,03","3,95","4,08","3,95","5,52M","2,81%"
"19.07.2024","3,92","3,96","4,05","3,88","4,75M","-0,76%"
"18.07.2024","3,95","3,93","3,94","3,85","1,84M","0,51%"
"17.07.2024","3,93","3,91","4,03","3,83","3,27M","0,51%"
"16.07.2024","3,91","3,78","3,98","3,67","2,89M","3,17%"
"15.07.2024","3,79","3,92","3,92","3,73","2,43M","-2,07%"
"12.07.2024","3,87","3,89","3,93","3,81","3,22M","0,26%"
"11.07.2024","3,86","3,63","3,93","3,61","21,69M","6,63%"
"10.07.2024","3,62","3,92","3,91","3,58","7,50M","-6,46%"
"09.07.2024","3,87","4,06","4,07","3,85","5,50M","-4,68%"
"08.07.2024","4,06","4,08","4,16","4,03","8,00M","-0,73%"
"05.07.2024","4,09","4,11","4,21","4,07","5,00M","-0,49%"
"04.07.2024","4,11","4,24","4,24","4,11","4,54M","-2,84%"
"03.07.2024","4,23","4,24","4,32","4,22","6,29M","-1,86%"
"02.07.2024","4,31","4,26","4,32","4,25","2,27M","2,13%"
"01.07.2024","4,22","4,22","4,36","4,20","10,26M","0,00%"
"28.06.2024","4,22","4,27","4,28","4,18","1,73M","-0,71%"
"27.06.2024","4,25","4,27","4,32","4,18","7,10M","0,95%"
"26.06.2024","4,21","4,22","4,24","4,20","","-1,06%"
"24.06.2024","4,26","4,28","4,32","4,25","","-6,48%"
"14.06.2024","4,55","4,54","4,61","4,46","4,75M","-0,66%"
"13.06.2024","4,58","4,45","4,64","4,26","6,52M","1,10%"
"11.06.2024","4,53","4,65","4,65","4,46","4,84M","-2,58%"
"10.06.2024","4,65","4,64","4,81","4,60","10,83M","1,53%"
"07.06.2024","4,58","4,43","4,63","4,40","6,46M","3,39%"
"06.06.2024","4,43","4,43","4,53","4,39","11,68M","0,91%"
"05.06.2024","4,39","4,31","4,53","4,29","8,33M","2,33%"
"04.06.2024","4,29","4,20","4,34","4,11","6,06M","2,14%"
"03.06.2024","4,20","4,36","4,40","4,02","9,96M","-2,10%"
"31.05.2024","4,29","4,51","4,55","4,20","14,47M","-5,30%"
"30.05.2024","4,53","4,51","4,55","4,49","1,98M","0,44%"
"29.05.2024","4,51","4,55","4,57","4,42","6,23M","-0,44%"
"28.05.2024","4,53","4,52","4,69","4,50","9,83M","0,44%"
"27.05.2024","4,51","4,68","4,75","4,51","16,06M","-2,80%"
"24.05.2024","4,64","4,87","4,86","4,63","10,07M","-4,13%"
"23.05.2024","4,84","4,89","4,89","4,75","13,82M","-1,02%"
"22.05.2024","4,89","4,91","4,97","4,89","1,99M","-0,41%"
"21.05.2024","4,91","4,91","5,01","4,87","9,54M","0,00%"
"20.05.2024","4,91","5,01","5,01","4,91","2,80M","-1,80%"
"17.05.2024","5,00","4,98","5,09","4,97","8,44M","0,40%"
"16.05.2024","4,98","5,00","5,03","4,97","1,80M","-0,40%"
"15.05.2024","5,00","5,00","5,03","4,96","3,34M","-0,20%"
"14.05.2024","5,01","5,03","5,05","4,96","5,24M","-0,40%"
"13.05.2024","5,03","5,10","5,09","5,01","3,73M","-1,37%"
"10.05.2024","5,10","4,99","5,20","4,99","17,01M","2,62%"
"08.05.2024","4,97","4,99","5,01","4,97","2,63M","0,00%"
"07.05.2024","4,97","4,98","5,05","4,96","6,08M","-0,20%"
"06.05.2024","4,98","5,07","5,09","4,95","7,21M","-1,58%"
"03.05.2024","5,06","5,09","5,12","5,05","3,26M","-0,59%"
"02.05.2024","5,09","5,13","5,13","5,05","3,18M","-0,20%"
"30.04.2024","5,10","5,15","5,15","5,09","2,22M","-0,39%"
"29.04.2024","5,12","5,08","5,13","5,06","1,97M","0,99%"
"27.04.2024","5,07","5,07","5,10","5,04","2,06M","0,60%"
"26.04.2024","5,04","5,07","5,08","5,04","2,06M","-0,59%"
"25.04.2024","5,07","5,14","5,14","5,05","2,28M","-0,20%"
"24.04.2024","5,08","5,16","5,16","5,05","4,76M","-0,20%"
"23.04.2024","5,09","5,07","5,20","5,04","10,67M","0,59%"
"22.04.2024","5,06","5,11","5,14","5,05","4,10M","-1,17%"
"19.04.2024","5,12","5,14","5,20","5,11","5,30M","-1,35%"
"18.04.2024","5,19","5,17","5,24","5,10","6,92M","0,39%"
"17.04.2024","5,17","5,12","5,24","5,07","8,16M","0,19%"
"16.04.2024","5,16","5,22","5,24","5,12","6,47M","-1,15%"
"15.04.2024","5,22","5,24","5,28","5,20","4,94M","-0,38%"
"12.04.2024","5,24","5,26","5,39","5,22","15,31M","-0,38%"
"11.04.2024","5,26","5,24","5,34","5,20","12,42M","0,38%"
"10.04.2024","5,24","5,11","5,39","5,08","21,57M","2,54%"
"09.04.2024","5,11","5,23","5,24","5,10","5,50M","-2,11%"
"08.04.2024","5,22","5,25","5,25","5,19","4,39M","0,58%"
"05.04.2024","5,19","5,25","5,30","5,16","9,82M","-2,08%"
"04.04.2024","5,30","5,31","5,47","5,29","26,47M","0,19%"
"03.04.2024","5,29","5,18","5,30","5,14","16,90M","1,93%"
"02.04.2024","5,19","5,02","5,26","5,00","38,19M","3,80%"
"01.04.2024","5,00","4,86","4,99","4,84","10,24M","2,67%"
"29.03.2024","4,87","4,89","4,91","4,83","6,45M","-0,41%"
"28.03.2024","4,89","5,03","5,03","4,87","6,70M","-2,20%"
"27.03.2024","5,00","4,99","5,03","4,96","3,21M","0,20%"
"26.03.2024","4,99","5,04","5,03","4,99","2,38M","-0,40%"
"25.03.2024","5,01","5,00","5,03","4,97","3,36M","0,00%"
"22.03.2024","5,01","5,04","5,11","5,01","5,12M","-0,40%"
"21.03.2024","5,03","5,10","5,25","4,99","25,05M","-1,95%"
"20.03.2024","5,13","5,12","5,20","5,09","8,14M","0,20%"
"19.03.2024","5,12","5,12","5,16","5,10","3,82M","-0,29%"
"18.03.2024","5,14","5,12","5,17","5,11","3,04M","0,39%"
"15.03.2024","5,11","5,14","5,18","5,08","6,78M","-0,10%"
"14.03.2024","5,12","5,20","5,22","5,10","13,13M","-2,38%"
"13.03.2024","5,24","5,24","5,32","5,15","21,66M","0,58%"
"12.03.2024","5,22","5,09","5,34","5,07","57,35M","2,66%"
"11.03.2024","5,08","5,09","5,11","5,07","4,17M","0,10%"
"07.03.2024","5,07","5,09","5,18","5,07","4,45M","-0,39%"
"06.03.2024","5,09","5,14","5,14","5,07","4,23M","-0,59%"
"05.03.2024","5,13","5,15","5,16","5,12","1,97M","-0,49%"
"04.03.2024","5,15","5,13","5,19","5,09","4,11M","0,39%"
"01.03.2024","5,13","5,18","5,20","5,10","4,50M","-1,06%"
"29.02.2024","5,18","5,20","5,24","5,13","8,15M","0,48%"
"28.02.2024","5,16","5,20","5,32","5,14","7,85M","-0,19%"
"27.02.2024","5,17","5,18","5,21","5,10","6,03M","0,10%"
"26.02.2024","5,16","5,08","5,29","5,08","8,19M","1,97%"
"22.02.2024","5,07","5,06","5,14","5,05","4,43M","0,10%"
"21.02.2024","5,06","5,15","5,17","5,02","10,04M","-2,41%"
"20.02.2024","5,18","5,34","5,36","5,05","14,59M","-2,90%"
"19.02.2024","5,34","5,33","5,39","5,30","4,25M","0,19%"
"16.02.2024","5,33","5,34","5,49","5,32","12,91M","-0,09%"
"15.02.2024","5,34","5,34","5,36","5,31","3,24M","0,00%"
"14.02.2024","5,34","5,34","5,40","5,32","4,27M","-0,09%"
"13.02.2024","5,34","5,38","5,38","5,30","4,70M","0,00%"
"12.02.2024","5,34","5,47","5,47","5,30","13,81M","-2,82%"
"22.01.2024","5,50","5,55","5,57","5,45","17,73M","-0,90%"
"19.01.2024","5,55","5,58","5,58","5,46","13,45M","0,00%"
"18.01.2024","5,55","5,67","5,75","5,50","24,49M","-2,12%"
"17.01.2024","5,67","5,81","5,86","5,66","18,18M","-2,24%"
"16.01.2024","5,80","5,93","5,96","5,78","17,78M","-1,19%"
"15.01.2024","5,87","5,80","5,90","5,74","19,84M","2,09%"
"12.01.2024","5,75","5,74","5,83","5,73","13,22M","0,52%"
"11.01.2024","5,72","5,93","5,95","5,62","39,37M","-2,72%"
"10.01.2024","5,88","5,60","5,88","5,55","60,20M","5,38%"
"09.01.2024","5,58","5,61","5,68","5,40","20,50M","0,18%"
"08.01.2024","5,57","5,68","5,75","5,47","33,17M","-1,42%"
"05.01.2024","5,65","5,31","5,67","5,29","71,90M","6,81%"
"04.01.2024","5,29","5,23","5,32","5,21","7,66M","1,34%"
"03.01.2024","5,22","5,14","5,23","5,13","3,94M","1,95%"
"29.12.2023","5,12","5,28","5,28","5,11","13,80M","-2,29%"
"28.12.2023","5,24","5,26","5,37","5,21","24,94M","0,19%"
"27.12.2023","5,23","5,28","5,29","5,16","12,78M","-0,95%"
"26.12.2023","5,28","5,15","5,33","5,11","27,04M","2,92%"
"25.12.2023","5,13","5,29","5,29","5,10","26,61M","-3,21%"
"22.12.2023","5,30","5,17","5,38","5,13","49,10M","3,11%"
"21.12.2023","5,14","5,17","5,24","5,10","19,21M","-0,77%"
"20.12.2023","5,18","5,25","5,51","5,13","109,90M","-0,38%"
"19.12.2023","5,20","5,10","5,27","5,06","21,84M","2,77%"
"18.12.2023","5,06","4,98","5,20","4,93","20,87M","2,22%"
"15.12.2023","4,95","4,88","4,97","4,87","6,00M","0,81%"
"14.12.2023","4,91","4,96","4,98","4,90","5,54M","-0,20%"
"13.12.2023","4,92","4,94","5,01","4,88","9,30M","0,00%"
"12.12.2023","4,92","4,95","5,02","4,91","5,46M","-0,61%"
"11.12.2023","4,95","5,00","5,01","4,88","6,35M","-1,00%"
"08.12.2023","5,00","4,91","5,10","4,91","21,63M","1,83%"
"07.12.2023","4,91","4,92","5,00","4,86","6,00M","-0,20%"
"06.12.2023","4,92","4,93","5,04","4,89","6,76M","0,00%"
"05.12.2023","4,92","4,95","4,97","4,85","6,81M","-0,61%"
"04.12.2023","4,95","5,00","5,04","4,89","9,44M","-1,00%"
"01.12.2023","5,00","5,06","5,17","4,94","18,47M","-0,79%"
"30.11.2023","5,04","5,05","5,27","4,95","28,95M","-0,20%"
"29.11.2023","5,05","4,75","5,40","4,71","83,90M","6,32%"
"28.11.2023","4,75","4,79","4,86","4,66","15,04M","-0,84%"
"27.11.2023","4,79","5,00","5,03","4,75","14,46M","-4,20%"
"24.11.2023","5,00","5,07","5,14","4,95","18,21M","-1,96%"
"23.11.2023","5,10","5,16","5,23","5,07","15,15M","-1,54%"
"22.11.2023","5,18","5,18","5,25","5,16","14,97M","0,00%"
"21.11.2023","5,18","5,20","5,29","5,13","18,26M","-0,38%"
"20.11.2023","5,20","5,15","5,32","4,92","76,10M","2,16%"
"17.11.2023","5,09","5,01","5,20","4,83","37,32M","0,20%"
"16.11.2023","5,08","5,10","5,39","4,96","110,39M","-0,20%"
"15.11.2023","5,09","4,66","5,13","4,52","155,71M","8,99%"
"14.11.2023","4,67","4,81","5,04","4,21","341,22M","-7,71%"
"13.11.2023","5,06","6,67","6,72","5,06","83,63M","-24,14%"
"10.11.2023","6,67","6,82","6,88","6,62","11,27M","-2,20%"
"09.11.2023","6,82","7,00","7,00","6,79","8,34M","-2,29%"
"08.11.2023","6,98","7,02","7,05","6,90","5,79M","-0,57%"
"07.11.2023","7,02","7,04","7,08","6,97","3,34M","-0,28%"
"06.11.2023","7,04","7,06","7,12","7,00","4,59M","0,57%"
"03.11.2023","7,00","6,96","7,12","6,96","7,00M","0,57%"
"02.11.2023","6,96","7,12","7,12","6,94","5,66M","-1,28%"
"01.11.2023","7,05","7,22","7,22","6,71","21,53M","-2,35%"
"31.10.2023","7,22","7,39","7,42","7,20","5,71M","-2,04%"
"30.10.2023","7,37","7,30","7,48","7,30","6,58M","0,96%"
"27.10.2023","7,30","7,32","7,39","7,20","6,70M","-0,27%"
"26.10.2023","7,32","7,43","7,53","7,31","5,83M","-1,48%"
"25.10.2023","7,43","7,41","7,49","7,41","3,23M","0,00%"
"24.10.2023","7,43","7,40","7,51","7,40","3,38M","0,13%"
"23.10.2023","7,42","7,40","7,50","7,38","3,33M","0,41%"
"20.10.2023","7,39","7,51","7,51","7,34","4,22M","-0,94%"
"19.10.2023","7,46","7,49","7,54","7,41","3,84M","-0,13%"
"18.10.2023","7,47","7,52","7,58","7,41","5,39M","-0,80%"
"17.10.2023","7,53","7,47","7,64","7,46","11,37M","0,80%"
"16.10.2023","7,47","7,39","7,58","7,35","8,87M","1,77%"
"13.10.2023","7,34","7,39","7,49","7,34","4,89M","-0,41%"
"12.10.2023","7,37","7,42","7,48","7,18","7,17M","-1,34%"
"11.10.2023","7,47","7,50","7,64","7,46","6,68M","-0,93%"
"10.10.2023","7,54","7,32","7,68","7,30","24,02M","3,15%"
"09.10.2023","7,31","7,30","7,45","7,24","6,76M","-0,14%"
"06.10.2023","7,32","7,38","7,44","7,30","4,72M","-0,95%"
"05.10.2023","7,39","7,49","7,53","7,38","5,15M","-1,73%"
"04.10.2023","7,52","7,53","7,54","7,44","4,59M","-0,27%"
"03.10.2023","7,54","7,58","7,60","7,43","6,37M","0,27%"
"02.10.2023","7,52","7,49","7,64","7,48","7,61M","0,94%"
"29.09.2023","7,45","7,60","7,61","7,43","8,27M","-1,72%"
"28.09.2023","7,58","7,55","7,70","7,50","11,21M","0,13%"
"27.09.2023","7,57","7,60","7,73","7,51","13,60M","0,40%"
"26.09.2023","7,54","7,41","7,57","7,36","8,94M","1,34%"
"25.09.2023","7,44","7,42","7,60","7,36","11,38M","-0,13%"
"22.09.2023","7,45","7,39","7,46","7,12","11,00M","1,92%"
"21.09.2023","7,31","7,50","7,60","7,26","13,13M","-2,01%"
"20.09.2023","7,46","7,93","7,99","7,18","42,18M","-5,81%"
"19.09.2023","7,92","7,90","7,96","7,51","29,73M","0,13%"
"18.09.2023","7,91","7,86","8,08","7,80","18,07M","0,76%"
"15.09.2023","7,85","7,81","7,96","7,50","18,01M","0,51%"
"14.09.2023","7,81","8,03","8,04","6,55","40,50M","-2,74%"
"13.09.2023","8,03","8,23","8,39","7,92","19,66M","-1,95%"
"12.09.2023","8,19","8,03","8,23","7,95","11,97M","3,02%"
"11.09.2023","7,95","8,15","8,24","7,86","12,44M","-1,24%"
"08.09.2023","8,05","8,30","8,35","7,77","25,45M","-1,71%"
"07.09.2023","8,19","8,64","8,90","7,80","76,63M","-4,77%"
"06.09.2023","8,60","8,68","8,77","8,54","17,94M","-0,92%"
"05.09.2023","8,68","8,90","8,93","8,55","35,30M","-1,81%"
"04.09.2023","8,84","9,00","9,09","8,73","51,58M","-1,34%"
"01.09.2023","8,96","8,70","9,13","8,55","164,73M","3,11%"
"31.08.2023","8,69","8,54","8,81","8,43","52,05M","2,36%"
"30.08.2023","8,49","8,52","8,67","8,32","26,98M","-0,35%"
"29.08.2023","8,52","8,70","8,70","8,48","26,60M","-2,18%"
"28.08.2023","8,71","8,49","8,74","8,46","34,94M","2,96%"
"25.08.2023","8,46","8,59","8,71","8,45","57,41M","-0,59%"
"24.08.2023","8,51","8,38","8,55","8,30","44,72M","-0,35%"
"23.08.2023","8,54","8,39","8,81","8,22","236,43M","2,40%"
"22.08.2023","8,34","8,04","8,45","7,91","125,80M","4,91%"
"21.08.2023","7,95","7,90","8,06","7,75","31,25M","3,65%"
"18.08.2023","7,67","7,64","7,73","7,54","9,99M","0,39%"
"17.08.2023","7,64","7,71","7,79","7,50","14,05M","-0,26%"
"16.08.2023","7,66","7,90","7,97","7,35","32,84M","-2,92%"
"15.08.2023","7,89","7,80","8,06","7,60","18,25M","0,25%"
"14.08.2023","7,87","8,10","8,18","7,81","23,10M","-2,60%"
"11.08.2023","8,08","8,06","8,12","8,01","12,33M","0,62%"
"10.08.2023","8,03","8,01","8,09","7,87","11,63M","0,75%"
"09.08.2023","7,97","7,92","8,07","7,84","17,61M","1,40%"
"08.08.2023","7,86","8,12","8,12","7,71","18,90M","-2,24%"
"07.08.2023","8,04","8,17","8,19","8,00","21,93M","1,77%"
"04.08.2023","7,90","8,40","8,59","7,60","77,35M","-5,05%"
"03.08.2023","8,32","8,18","8,44","8,15","40,57M","1,71%"
"02.08.2023","8,18","8,20","8,39","8,10","30,94M","-0,24%"
"01.08.2023","8,20","8,28","8,29","8,15","13,08M","-0,24%"
"31.07.2023","8,22","8,07","8,27","8,03","20,40M","2,75%"
"28.07.2023","8,00","8,13","8,17","7,92","12,35M","-1,48%"
"27.07.2023","8,12","8,11","8,27","8,03","27,16M","0,25%"
"26.07.2023","8,10","8,21","8,27","7,90","24,51M","-1,22%"
"25.07.2023","8,20","7,88","8,30","7,79","65,56M","4,73%"
"24.07.2023","7,83","7,80","7,88","7,74","13,84M","1,56%"
"21.07.2023","7,71","7,69","7,82","7,54","12,42M","0,26%"
"20.07.2023","7,69","7,75","7,97","7,65","32,14M","-0,52%"
"19.07.2023","7,73","7,72","7,77","7,67","10,44M","0,26%"
"18.07.2023","7,71","7,77","7,77","7,66","11,81M","0,78%"
"17.07.2023","7,65","7,60","7,68","7,50","6,54M","0,53%"
"14.07.2023","7,61","7,70","7,70","7,61","5,55M","-0,52%"
"13.07.2023","7,65","7,70","7,79","7,60","14,11M","0,00%"
"12.07.2023","7,65","7,58","7,70","7,55","11,83M","1,46%"
"11.07.2023","7,54","7,55","7,62","7,50","6,96M","0,00%"
"10.07.2023","7,54","7,55","7,60","7,50","6,92M","0,27%"
"07.07.2023","7,52","7,54","7,64","7,50","7,94M","0,13%"
"06.07.2023","7,51","7,70","7,71","7,50","8,01M","-1,44%"
"05.07.2023","7,62","7,51","7,75","7,46","21,70M","1,60%"
"04.07.2023","7,50","7,54","7,54","7,39","4,84M","0,13%"
"03.07.2023","7,49","7,56","7,62","7,34","13,62M","-0,66%"
"30.06.2023","7,54","7,67","7,76","7,50","18,55M","-1,69%"
"29.06.2023","7,67","7,70","7,83","7,66","13,52M","-0,78%"
"28.06.2023","7,73","7,75","7,99","7,71","11,08M","-0,51%"
"27.06.2023","7,77","7,74","7,81","7,63","11,17M","0,26%"
"26.06.2023","7,75","7,92","7,99","7,59","27,87M","-2,88%"
"23.06.2023","7,98","8,24","8,24","7,92","25,98M","-3,51%"
"22.06.2023","8,27","8,66","8,66","8,22","66,51M","-3,84%"
"21.06.2023","8,60","7,69","8,61","7,67","129,26M","12,13%"
"20.06.2023","7,67","7,79","7,90","7,11","25,04M","-1,03%"
"19.06.2023","7,75","7,75","7,84","7,58","21,03M","0,39%"
"16.06.2023","7,72","7,89","7,89","7,67","10,97M","-1,91%"
"15.06.2023","7,87","8,06","8,18","7,78","19,99M","-1,99%"
"14.06.2023","8,03","7,90","8,19","7,87","46,13M","2,16%"
"13.06.2023","7,86","7,75","7,93","7,73","17,70M","2,21%"
"09.06.2023","7,69","7,94","7,98","7,62","40,66M","-1,91%"
"08.06.2023","7,84","7,26","7,84","7,23","58,40M","8,14%"
"07.06.2023","7,25","7,14","7,34","7,09","18,66M","1,97%"
"06.06.2023","7,11","7,24","7,29","7,06","12,12M","-2,07%"
"05.06.2023","7,26","7,16","7,50","7,11","29,01M","2,11%"
"02.06.2023","7,11","7,03","7,24","6,94","10,96M","0,57%"
"01.06.2023","7,07","7,34","7,34","7,05","20,25M","-2,62%"
"31.05.2023","7,26","7,36","7,39","7,20","6,32M","-1,36%"
"30.05.2023","7,36","7,46","7,51","7,33","8,31M","-2,00%"
"29.05.2023","7,51","7,45","7,57","7,37","8,45M","1,08%"
"26.05.2023","7,43","7,55","7,72","7,30","15,79M","-1,33%"
"25.05.2023","7,53","7,60","7,87","7,26","22,88M","-0,53%"
"24.05.2023","7,57","7,54","7,75","7,45","11,13M","0,80%"
"23.05.2023","7,51","7,58","7,66","7,41","4,80M","-0,79%"
"22.05.2023","7,57","7,75","7,75","7,50","10,17M","-1,17%"
"19.05.2023","7,66","7,70","7,87","7,64","7,84M","-0,13%"
"18.05.2023","7,67","8,05","8,13","7,62","16,26M","-3,28%"
"17.05.2023","7,93","7,66","8,09","7,64","34,41M","3,80%"
"16.05.2023","7,64","7,56","7,72","7,50","18,62M","1,60%"
"15.05.2023","7,52","7,67","7,70","7,46","14,06M","0,13%"
"12.05.2023","7,51","7,69","7,69","7,21","13,06M","-2,59%"
"11.05.2023","7,71","7,63","7,88","7,62","19,81M","1,58%"
"10.05.2023","7,59","7,58","7,67","7,34","19,86M","2,15%"
"08.05.2023","7,43","7,16","7,59","7,14","19,34M","4,50%"
"05.05.2023","7,11","7,61","7,61","7,11","16,47M","-5,58%"
"04.05.2023","7,53","7,50","7,82","7,46","12,88M","-1,44%"
"03.05.2023","7,64","7,86","8,19","7,24","35,71M","-2,80%"
"02.05.2023","7,86","8,80","8,90","7,57","46,83M","-10,58%"
"28.04.2023","8,79","8,97","8,97","8,60","19,08M","-1,68%"
"27.04.2023","8,94","9,06","9,22","8,82","17,37M","-1,11%"
"26.04.2023","9,04","9,29","9,29","9,01","18,14M","-2,38%"
"25.04.2023","9,26","9,45","9,65","9,14","54,76M","-1,38%"
"24.04.2023","9,39","8,83","9,41","8,71","159,57M","7,07%"
"21.04.2023","8,77","8,86","9,04","8,70","34,15M","-0,23%"
"20.04.2023","8,79","8,95","9,18","8,69","43,99M","-0,34%"
"19.04.2023","8,82","8,69","9,08","8,61","64,52M","1,97%"
"18.04.2023","8,65","8,79","8,79","8,55","11,04M","-0,69%"
"17.04.2023","8,71","8,65","8,85","8,57","25,66M","1,63%"
"14.04.2023","8,57","8,54","8,69","8,50","10,28M","0,35%"
"13.04.2023","8,54","8,70","8,70","8,52","9,97M","-0,81%"
"12.04.2023","8,61","8,71","8,81","8,51","12,82M","0,12%"
"11.04.2023","8,60","8,98","9,06","8,41","40,51M","-2,38%"
"10.04.2023","8,81","8,49","9,22","8,40","154,74M","4,01%"
"07.04.2023","8,47","8,66","8,66","8,37","13,58M","-1,17%"
"06.04.2023","8,57","8,72","8,84","8,51","18,32M","-1,27%"
"05.04.2023","8,68","8,80","8,84","8,29","43,50M","-1,36%"
"04.04.2023","8,80","9,04","9,23","8,74","50,97M","-1,57%"
"03.04.2023","8,94","8,62","9,20","8,52","179,31M","5,42%"
"31.03.2023","8,48","7,51","8,84","7,45","364,84M","13,22%"
"30.03.2023","7,49","7,45","7,62","7,24","70,00M","2,32%"
"29.03.2023","7,32","7,34","7,40","7,07","27,11M","-0,14%"
"28.03.2023","7,33","7,17","7,60","7,12","108,06M","4,42%"
"27.03.2023","7,02","6,75","7,15","6,73","53,88M","4,62%"
"24.03.2023","6,71","6,88","6,92","6,67","15,20M","-1,32%"
"23.03.2023","6,80","6,54","6,99","6,47","40,42M","4,45%"
"22.03.2023","6,51","6,49","6,54","6,42","6,90M","0,46%"
"21.03.2023","6,48","6,52","6,59","6,45","6,37M","-0,92%"
"20.03.2023","6,54","6,53","6,61","6,47","7,03M","1,08%"
"17.03.2023","6,47","6,52","6,58","6,46","5,78M","-0,92%"
"16.03.2023","6,53","6,56","6,62","6,40","8,86M","-0,31%"
"15.03.2023","6,55","6,70","6,71","6,53","4,95M","-1,80%"
"14.03.2023","6,67","6,67","6,72","6,63","2,54M","0,15%"
"13.03.2023","6,66","6,79","6,81","6,57","8,66M","-1,04%"
"10.03.2023","6,73","6,76","6,79","6,67","6,91M","-0,88%"
"09.03.2023","6,79","6,87","6,89","6,75","9,20M","-0,73%"
"07.03.2023","6,84","6,83","7,04","6,70","25,75M","0,15%"
"06.03.2023","6,83","6,82","6,88","6,76","10,25M","1,19%"
"03.03.2023","6,75","6,59","6,92","6,59","43,51M","1,96%"
"02.03.2023","6,62","6,69","7,08","6,46","79,06M","-0,60%"
"01.03.2023","6,66","6,51","6,73","6,49","25,53M","1,99%"
"28.02.2023","6,53","6,53","6,62","6,46","10,94M","0,46%"
"27.02.2023","6,50","6,40","6,54","6,40","3,86M","0,62%"
"24.02.2023","6,46","6,39","6,59","6,37","7,47M","1,10%"
"22.02.2023","6,39","6,54","6,58","6,38","5,65M","-1,84%"
"21.02.2023","6,51","6,35","6,79","6,33","25,33M","3,33%"
"20.02.2023","6,30","6,38","6,45","6,22","7,39M","-1,10%"
"17.02.2023","6,37","6,75","6,75","6,34","14,51M","-2,90%"
"16.02.2023","6,56","6,01","6,92","6,01","76,45M","9,15%"
"15.02.2023","6,01","6,64","6,67","5,90","21,90M","-10,30%"
"14.02.2023","6,70","6,92","6,96","6,52","11,24M","-2,90%"
"13.02.2023","6,90","6,90","7,03","6,79","9,73M","1,02%"
"10.02.2023","6,83","6,83","7,10","6,74","17,18M","0,00%"
"09.02.2023","6,83","6,93","7,10","6,82","12,90M","-1,30%"
"08.02.2023","6,92","7,16","7,17","6,80","19,88M","-1,84%"
"07.02.2023","7,05","6,85","7,29","6,81","89,24M","3,22%"
"06.02.2023","6,83","6,79","6,95","6,74","11,46M","1,34%"
"03.02.2023","6,74","6,88","6,88","6,67","9,95M","-1,17%"
"02.02.2023","6,82","6,99","7,08","6,72","21,08M","-1,45%"
"01.02.2023","6,92","6,67","7,37","6,56","182,47M","4,85%"
"31.01.2023","6,60","6,62","6,76","6,45","20,06M","0,61%"
"30.01.2023","6,56","6,63","6,65","6,54","6,48M","-0,30%"
"27.01.2023","6,58","6,70","6,78","6,51","16,49M","-1,20%"
"26.01.2023","6,66","6,66","6,93","6,55","39,43M","0,00%"
"25.01.2023","6,66","6,80","6,83","6,62","10,36M","-1,77%"
"24.01.2023","6,78","6,81","6,91","6,71","13,71M","-0,44%"
"23.01.2023","6,81","6,78","7,14","6,48","43,11M","1,95%"
"20.01.2023","6,68","6,78","6,90","6,52","18,01M","-1,33%"
"19.01.2023","6,77","6,91","7,08","6,40","26,67M","-2,03%"
"18.01.2023","6,91","6,90","7,14","6,82","36,33M","1,77%"
"17.01.2023","6,79","7,20","7,20","6,67","42,74M","-4,10%"
"16.01.2023","7,08","6,89","7,38","6,73","149,44M","8,92%"
"13.01.2023","6,50","6,08","7,50","5,99","368,50M","10,17%"
"12.01.2023","5,90","6,32","6,37","5,71","80,22M","-6,35%"
"11.01.2023","6,30","7,70","7,94","6,18","256,64M","-16,11%"
"10.01.2023","7,51","6,16","7,85","5,82","451,94M","24,13%"
"09.01.2023","6,05","4,46","6,20","4,46","241,19M","35,96%"
"06.01.2023","4,45","4,45","4,57","4,34","9,43M","1,37%"
"05.01.2023","4,39","4,39","4,54","4,34","8,19M","1,15%"
"04.01.2023","4,34","4,44","4,44","4,30","2,83M","-0,46%"
"03.01.2023","4,36","4,22","4,53","4,21","10,01M","3,81%"
"30.12.2022","4,20","4,34","4,34","4,20","3,63M","-1,87%"
"29.12.2022","4,28","4,47","4,54","4,20","8,12M","-2,95%"
"28.12.2022","4,41","4,60","4,67","4,35","9,23M","-3,92%"
"27.12.2022","4,59","4,34","4,78","4,33","26,99M","7,24%"
"26.12.2022","4,28","4,12","4,78","4,12","49,13M","3,88%"
"23.12.2022","4,12","4,48","4,54","4,11","10,95M","-6,36%"
"22.12.2022","4,40","4,09","5,28","4,08","72,90M","8,11%"
"21.12.2022","4,07","4,01","4,16","4,00","2,59M","1,24%"
"20.12.2022","4,02","3,90","4,12","3,90","2,87M","2,29%"
"19.12.2022","3,93","4,00","4,01","3,90","2,27M","-1,75%"
"16.12.2022","4,00","4,02","4,08","3,95","1,40M","-0,25%"
"15.12.2022","4,01","4,13","4,14","3,96","2,46M","-2,67%"
"14.12.2022","4,12","4,14","4,14","4,05","1,26M","-0,24%"
"13.12.2022","4,13","4,22","4,22","4,13","998,60K","0,00%"
"12.12.2022","4,13","4,14","4,17","4,12","612,80K","0,00%"
"09.12.2022","4,13","4,17","4,17","4,08","1,51M","-0,48%"
"08.12.2022","4,15","4,24","4,26","4,12","1,60M","-2,12%"
"07.12.2022","4,24","4,26","4,27","4,22","814,00K","-0,47%"
"06.12.2022","4,26","4,28","4,30","4,25","902,20K","-0,23%"
"05.12.2022","4,27","4,24","4,29","4,24","518,00K","0,71%"
"02.12.2022","4,24","4,29","4,31","4,23","756,20K","-0,93%"
"01.12.2022","4,28","4,28","4,34","4,26","1,01M","0,47%"
"30.11.2022","4,26","4,27","4,29","4,20","1,27M","-0,23%"
"29.11.2022","4,27","4,29","4,34","4,25","1,28M","-0,47%"
"28.11.2022","4,29","4,27","4,30","4,24","709,20K","0,70%"
"25.11.2022","4,26","4,34","4,34","4,22","1,12M","-1,16%"
"24.11.2022","4,31","4,33","4,41","4,26","1,93M","-0,23%"
"23.11.2022","4,32","4,30","4,34","4,28","816,90K","0,70%"
"22.11.2022","4,29","4,32","4,36","4,25","1,18M","-0,23%"
"21.11.2022","4,30","4,33","4,40","4,22","2,08M","0,00%"
"18.11.2022","4,30","4,34","4,45","4,29","1,62M","-0,69%"
"17.11.2022","4,33","4,40","4,41","4,30","1,10M","-1,37%"
"16.11.2022","4,39","4,25","4,49","4,16","3,47M","2,33%"
"15.11.2022","4,29","4,38","4,39","4,26","1,16M","-1,61%"
"14.11.2022","4,36","4,35","4,40","4,33","1,10M","0,93%"
"11.11.2022","4,32","4,49","4,49","4,30","2,30M","-0,69%"
"10.11.2022","4,35","4,22","4,50","4,20","5,29M","3,08%"
"09.11.2022","4,22","4,38","4,48","4,20","4,69M","-2,99%"
"08.11.2022","4,35","4,50","4,85","4,28","18,60M","-3,33%"
"07.11.2022","4,50","4,04","4,76","4,04","16,23M","11,66%"
"03.11.2022","4,03","4,10","4,12","3,96","2,18M","-2,42%"
"02.11.2022","4,13","4,17","4,35","4,11","4,93M","0,00%"
"01.11.2022","4,13","4,12","4,19","4,09","1,39M","0,49%"
"31.10.2022","4,11","4,14","4,20","4,05","1,76M","-0,48%"
"28.10.2022","4,13","3,98","4,25","3,94","10,02M","4,03%"
"27.10.2022","3,97","3,94","4,11","3,93","2,89M","1,02%"
"26.10.2022","3,93","3,88","4,03","3,88","2,51M","1,55%"
"25.10.2022","3,87","3,83","3,93","3,75","2,89M","1,04%"
"24.10.2022","3,83","3,83","3,89","3,77","1,43M","0,00%"
"21.10.2022","3,83","3,90","3,90","3,80","825,70K","0,00%"
"20.10.2022","3,83","3,90","3,94","3,81","1,91M","1,59%"
"19.10.2022","3,77","3,94","3,94","3,73","2,44M","-4,56%"
"18.10.2022","3,95","3,93","4,13","3,83","4,88M","1,28%"
"17.10.2022","3,90","3,85","3,95","3,81","986,60K","1,83%"
"14.10.2022","3,83","3,81","3,94","3,80","789,10K","0,52%"
"13.10.2022","3,81","3,77","3,98","3,77","2,09M","0,53%"
"12.10.2022","3,79","3,79","3,87","3,75","1,43M","0,53%"
"11.10.2022","3,77","3,68","3,81","3,62","1,30M","2,17%"
"10.10.2022","3,69","3,52","3,73","3,38","1,72M","3,65%"
"07.10.2022","3,56","3,73","3,81","3,54","2,39M","-6,56%"
"06.10.2022","3,81","3,68","3,90","3,68","2,33M","1,60%"
"05.10.2022","3,75","3,71","3,76","3,52","1,81M","0,00%"
"04.10.2022","3,75","3,85","3,94","3,65","2,33M","-1,32%"
"03.10.2022","3,80","3,60","3,80","3,46","3,43M","9,83%"
"30.09.2022","3,46","3,40","3,54","3,32","1,63M","1,76%"
"29.09.2022","3,40","3,74","3,74","3,33","1,55M","-2,58%"
"28.09.2022","3,49","3,58","3,71","3,42","1,83M","0,87%"
"27.09.2022","3,46","3,45","3,60","3,31","1,86M","2,37%"
"26.09.2022","3,38","3,90","3,96","3,28","6,33M","-13,33%"
"23.09.2022","3,90","4,18","4,28","3,80","3,40M","-6,92%"
"22.09.2022","4,19","4,16","4,33","4,07","4,01M","4,23%"
"21.09.2022","4,02","3,81","4,28","3,40","7,80M","-0,50%"
"20.09.2022","4,04","4,74","5,00","3,91","18,63M","-14,77%"
"19.09.2022","4,74","4,88","5,00","4,65","5,80M","-3,85%"
"16.09.2022","4,93","5,17","5,25","4,88","8,83M","-3,33%"
"15.09.2022","5,10","5,16","5,29","5,07","2,93M","-0,58%"
"14.09.2022","5,13","5,33","5,38","5,11","5,40M","-3,21%"
"13.09.2022","5,30","5,15","5,49","5,02","17,02M","3,72%"
"12.09.2022","5,11","4,84","5,14","4,82","8,92M","4,50%"
"09.09.2022","4,89","4,83","5,14","4,77","11,24M","2,52%"
"08.09.2022","4,77","4,90","5,01","4,66","5,11M","-2,25%"
"07.09.2022","4,88","4,78","5,15","4,61","13,04M","4,50%"
"06.09.2022","4,67","4,66","5,05","4,55","24,33M","2,19%"
"05.09.2022","4,57","4,55","4,61","4,45","6,19M","1,11%"
"02.09.2022","4,52","4,50","4,57","4,41","5,26M","2,73%"
"01.09.2022","4,40","4,38","4,74","4,31","8,70M","0,69%"
"31.08.2022","4,37","4,40","4,40","4,28","2,35M","-0,68%"
"30.08.2022","4,40","4,41","4,44","4,36","889,30K","0,00%"
"29.08.2022","4,40","4,33","4,41","4,31","949,30K","1,38%"
"26.08.2022","4,34","4,39","4,42","4,30","1,41M","-0,91%"
"25.08.2022","4,38","4,45","4,45","4,35","1,02M","-0,90%"
"24.08.2022","4,42","4,43","4,47","4,37","1,15M","0,00%"
"23.08.2022","4,42","4,45","4,49","4,36","1,00M","-0,45%"
"22.08.2022","4,44","4,40","4,48","4,28","3,50M","0,68%"
"19.08.2022","4,41","4,66","4,67","4,36","4,25M","-3,71%"
"18.08.2022","4,58","4,30","4,59","4,30","10,13M","7,01%"
"17.08.2022","4,28","4,25","4,45","4,21","4,90M","0,94%"
"16.08.2022","4,24","4,29","4,30","4,21","1,45M","-0,47%"
"15.08.2022","4,26","4,34","4,34","4,23","2,12M","0,24%"
"12.08.2022","4,25","4,12","4,49","4,12","14,69M","2,91%"
"11.08.2022","4,13","4,20","4,20","4,12","1,32M","0,00%"
"10.08.2022","4,13","4,12","4,21","4,09","2,40M","0,98%"
"09.08.2022","4,09","4,00","4,18","4,00","4,43M","2,25%"
"08.08.2022","4,00","3,97","4,06","3,93","1,58M","1,78%"
"05.08.2022","3,93","4,08","4,14","3,91","1,98M","-3,68%"
"04.08.2022","4,08","4,18","4,19","4,00","2,57M","-1,92%"
"03.08.2022","4,16","4,22","4,26","4,13","2,34M","-0,72%"
"02.08.2022","4,19","4,16","4,48","4,16","3,50M","0,48%"
"01.08.2022","4,17","4,24","4,24","4,16","1,01M","-0,24%"
"29.07.2022","4,18","4,15","4,21","4,15","1,55M","0,48%"
"28.07.2022","4,16","4,14","4,21","4,12","1,36M","0,48%"
"27.07.2022","4,14","4,15","4,39","4,11","8,69M","0,49%"
"26.07.2022","4,12","4,16","4,24","4,10","2,32M","-0,24%"
"25.07.2022","4,13","4,13","4,17","4,08","1,62M","0,49%"
"22.07.2022","4,11","4,12","4,14","4,09","730,70K","0,49%"
"21.07.2022","4,09","4,10","4,16","3,97","2,26M","0,25%"
"20.07.2022","4,08","4,14","4,17","4,05","1,77M","-0,97%"
"19.07.2022","4,12","4,21","4,23","4,09","1,88M","-1,90%"
"18.07.2022","4,20","4,17","4,33","4,16","2,92M","1,20%"
"15.07.2022","4,15","4,18","4,46","4,12","6,46M","0,48%"
"14.07.2022","4,13","4,20","4,20","4,10","1,58M","-0,24%"
"13.07.2022","4,14","4,17","4,22","4,12","1,23M","-0,96%"
"12.07.2022","4,18","4,38","4,40","4,12","3,80M","-3,02%"
"11.07.2022","4,31","4,61","4,79","4,30","7,25M","-4,22%"
"08.07.2022","4,50","4,21","4,90","4,20","27,53M","10,02%"
"07.07.2022","4,09","4,08","4,18","4,07","1,53M","0,25%"
"06.07.2022","4,08","4,18","4,18","4,03","2,43M","-0,97%"
"05.07.2022","4,12","4,05","4,35","4,00","5,60M","0,73%"
"04.07.2022","4,09","4,14","4,39","4,05","7,23M","-0,24%"
"01.07.2022","4,10","4,07","4,22","3,93","2,85M","1,49%"
"30.06.2022","4,04","4,33","4,35","4,00","5,36M","-5,39%"
"29.06.2022","4,27","4,22","4,58","4,16","13,04M","2,64%"
"28.06.2022","4,16","4,37","4,49","4,12","8,12M","-3,48%"
"27.06.2022","4,31","4,57","4,84","4,30","7,42M","-4,43%"
"24.06.2022","4,51","4,83","5,39","4,50","31,05M","-6,04%"
"23.06.2022","4,80","4,21","5,12","4,11","57,91M","17,36%"
"22.06.2022","4,09","3,93","4,39","3,89","9,99M","5,41%"
"21.06.2022","3,88","3,83","4,10","3,81","2,60M","1,84%"
"20.06.2022","3,81","3,83","3,85","3,79","678,60K","1,06%"
"17.06.2022","3,77","3,75","3,88","3,73","792,40K","0,53%"
"16.06.2022","3,75","3,75","3,85","3,71","989,90K","0,00%"
"15.06.2022","3,75","3,72","4,15","3,70","10,23M","0,54%"
"14.06.2022","3,73","3,65","3,73","3,63","657,10K","2,19%"
"10.06.2022","3,65","3,66","3,69","3,62","786,00K","-0,82%"
"09.06.2022","3,68","3,73","3,75","3,65","555,50K","-1,08%"
"08.06.2022","3,72","3,75","3,80","3,66","1,16M","0,81%"
"07.06.2022","3,69","3,65","3,74","3,62","882,90K","1,10%"
"06.06.2022","3,65","3,67","3,71","3,65","453,40K","-0,54%"
"03.06.2022","3,67","3,67","3,71","3,65","576,30K","0,00%"
"02.06.2022","3,67","3,67","3,73","3,65","531,60K","0,00%"
"01.06.2022","3,67","3,71","3,71","3,60","710,50K","0,00%"
"31.05.2022","3,67","3,75","3,76","3,65","708,60K","-1,08%"
"30.05.2022","3,71","3,77","3,80","3,63","1,38M","0,00%"
"27.05.2022","3,71","3,67","3,79","3,67","1,43M","1,09%"
"26.05.2022","3,67","3,72","3,78","3,61","1,68M","-1,08%"
"25.05.2022","3,71","3,77","3,79","3,65","1,29M","-1,59%"
"24.05.2022","3,77","3,87","3,87","3,70","1,51M","-2,08%"
"23.05.2022","3,85","3,86","3,96","3,81","720,60K","-0,26%"
"20.05.2022","3,86","3,91","4,00","3,83","2,04M","-1,03%"
"19.05.2022","3,90","3,98","3,98","3,89","406,40K","-0,76%"
"18.05.2022","3,93","3,95","4,00","3,88","1,13M","-0,76%"
"17.05.2022","3,96","3,94","4,01","3,88","1,34M","0,76%"
"16.05.2022","3,93","3,94","4,00","3,83","1,74M","2,08%"
"13.05.2022","3,85","3,81","4,14","3,77","5,37M","2,12%"
"12.05.2022","3,77","3,88","3,92","3,74","1,09M","-3,33%"
"11.05.2022","3,90","4,00","4,00","3,89","1,68M","-1,52%"
"06.05.2022","3,96","3,99","4,10","3,92","1,18M","-0,75%"
"05.05.2022","3,99","3,95","4,01","3,90","1,59M","1,01%"
"04.05.2022","3,95","3,98","4,10","3,94","1,60M","-0,25%"
"29.04.2022","3,96","3,92","4,14","3,91","3,17M","1,02%"
"28.04.2022","3,92","3,98","4,33","3,90","5,76M","0,51%"
"27.04.2022","3,90","3,95","4,00","3,83","2,30M","1,04%"
"26.04.2022","3,86","3,86","3,99","3,81","1,50M","0,26%"
"25.04.2022","3,85","4,04","4,05","3,82","1,28M","-4,70%"
"22.04.2022","4,04","4,03","4,18","3,91","1,01M","-1,22%"
"21.04.2022","4,09","4,15","4,17","4,04","597,30K","-1,45%"
"20.04.2022","4,15","4,00","4,20","3,99","1,21M","2,47%"
"19.04.2022","4,05","4,25","4,28","3,86","4,26M","-4,93%"
"18.04.2022","4,26","4,35","4,38","4,21","1,22M","-0,93%"
"15.04.2022","4,30","4,30","4,60","4,21","2,82M","0,23%"
"14.04.2022","4,29","4,35","4,49","4,24","2,61M","-0,23%"
"13.04.2022","4,30","4,21","4,62","4,15","6,48M","2,14%"
"12.04.2022","4,21","4,33","4,34","4,06","2,46M","-1,41%"
"11.04.2022","4,27","4,25","4,90","4,21","7,72M","0,47%"
"08.04.2022","4,25","4,37","4,37","4,22","978,90K","0,00%"
"07.04.2022","4,25","4,31","4,38","4,18","1,45M","-0,23%"
"06.04.2022","4,26","4,27","4,45","4,09","2,27M","0,24%"
"05.04.2022","4,25","4,50","4,53","4,05","2,46M","-5,13%"
"04.04.2022","4,48","4,67","4,79","4,41","3,79M","-4,07%"
"01.04.2022","4,67","4,58","4,68","4,49","3,47M","2,41%"
"31.03.2022","4,56","4,49","4,74","4,31","3,85M","3,40%"
"30.03.2022","4,41","4,82","4,82","4,12","3,32M","-3,71%"
"29.03.2022","4,58","4,96","5,60","4,23","13,41M","1,33%"
"28.03.2022","4,52","3,50","4,52","3,31","10,24M","39,94%"
"25.02.2022","3,23","3,14","3,53","3,01","2,64M","15,36%"
"24.02.2022","2,80","4,04","4,05","2,65","6,81M","-36,36%"
"22.02.2022","4,40","4,30","4,44","3,85","3,59M","3,53%"
"21.02.2022","4,25","4,89","4,96","4,16","4,27M","-12,01%"
"18.02.2022","4,83","5,01","5,04","4,76","1,18M","-2,42%"
"17.02.2022","4,95","5,10","5,17","4,95","1,10M","-3,70%"
"16.02.2022","5,14","5,05","5,29","5,03","1,95M","1,78%"
"15.02.2022","5,05","4,99","5,13","4,98","1,05M","1,00%"
"14.02.2022","5,00","5,00","5,09","4,90","752,00K","-1,38%"
"11.02.2022","5,07","5,17","5,18","5,07","840,40K","-2,12%"
"10.02.2022","5,18","5,13","5,20","5,02","1,31M","0,39%"
"09.02.2022","5,16","5,11","5,22","5,08","1,36M","1,57%"
"08.02.2022","5,08","5,03","5,12","5,00","1,04M","1,40%"
"07.02.2022","5,01","4,81","5,17","4,80","2,61M","3,94%"
"04.02.2022","4,82","4,77","4,95","4,74","1,38M","1,26%"
"03.02.2022","4,76","4,83","4,86","4,74","788,90K","-2,46%"
"02.02.2022","4,88","4,92","4,96","4,83","1,10M","-0,81%"
"01.02.2022","4,92","5,06","5,06","4,83","1,48M","-1,01%"
"31.01.2022","4,97","4,86","5,22","4,76","2,83M","4,63%"
"28.01.2022","4,75","4,84","4,89","4,74","1,09M","-1,45%"
"27.01.2022","4,82","4,80","4,88","4,67","1,25M","2,34%"
"26.01.2022","4,71","4,60","4,92","4,51","3,13M","4,43%"
"25.01.2022","4,51","4,60","4,71","4,50","1,49M","-0,44%"
"24.01.2022","4,53","5,08","5,08","4,45","5,98M","-9,94%"
"21.01.2022","5,03","5,16","5,19","5,00","2,37M","-2,33%"
"20.01.2022","5,15","5,25","5,32","5,10","1,29M","-0,96%"
"19.01.2022","5,20","5,10","5,35","4,91","2,20M","2,77%"
"18.01.2022","5,06","5,33","5,33","5,03","2,78M","-4,35%"
"17.01.2022","5,29","5,42","5,47","5,28","2,29M","-1,86%"
"14.01.2022","5,39","5,54","5,61","5,37","2,77M","-2,36%"
"13.01.2022","5,52","5,69","5,75","5,52","2,25M","-2,65%"
"12.01.2022","5,67","5,62","5,81","5,60","2,11M","1,61%"
"11.01.2022","5,58","5,65","5,75","5,55","2,62M","-1,59%"
"10.01.2022","5,67","5,63","5,72","5,62","916,10K","0,71%"
"06.01.2022","5,63","5,67","5,77","5,62","1,34M","-0,71%"
"05.01.2022","5,67","5,68","5,85","5,62","2,38M","0,18%"
"04.01.2022","5,66","5,71","5,71","5,59","1,48M","-0,18%"
"03.01.2022","5,67","5,63","5,70","5,54","741,50K","1,07%"
"30.12.2021","5,61","5,53","5,67","5,53","1,47M","1,45%"
"29.12.2021","5,53","5,55","5,75","5,47","3,36M","-0,18%"
"28.12.2021","5,54","5,55","5,62","5,50","2,86M","-0,36%"
"27.12.2021","5,56","5,66","5,80","5,50","3,12M","-1,77%"
"24.12.2021","5,66","5,64","5,71","5,54","3,15M","0,71%"
"23.12.2021","5,62","5,82","5,88","5,53","4,45M","-2,94%"
"22.12.2021","5,79","5,83","5,92","5,72","1,87M","0,00%"
"21.12.2021","5,79","6,00","6,01","5,75","3,25M","-2,85%"
"20.12.2021","5,96","5,92","6,08","5,82","3,09M","1,53%"
"17.12.2021","5,87","5,95","6,09","5,82","5,29M","-1,34%"
"16.12.2021","5,95","5,89","6,09","5,79","3,83M","1,54%"
"15.12.2021","5,86","5,75","5,95","5,67","3,60M","2,63%"
"14.12.2021","5,71","5,70","5,92","5,62","5,35M","-0,35%"
"13.12.2021","5,73","5,50","5,99","5,50","8,50M","4,18%"
"10.12.2021","5,50","5,66","5,66","5,47","1,86M","-2,14%"
"09.12.2021","5,62","5,71","5,71","5,54","1,92M","0,36%"
"08.12.2021","5,60","5,80","5,86","5,55","3,44M","-2,78%"
"07.12.2021","5,76","5,88","5,93","5,74","3,99M","-1,54%"
"06.12.2021","5,85","6,00","6,09","5,73","4,30M","-0,85%"
"03.12.2021","5,90","5,95","6,29","5,90","12,19M","-0,84%"
"02.12.2021","5,95","5,96","6,88","5,71","50,56M","0,00%"
"01.12.2021","5,95","5,50","6,32","5,46","17,12M","8,78%"
"30.11.2021","5,47","5,55","5,55","5,38","2,25M","-1,44%"
"29.11.2021","5,55","5,58","5,70","5,55","991,80K","0,18%"
"26.11.2021","5,54","5,66","5,66","5,51","1,26M","-2,12%"
"25.11.2021","5,66","5,63","5,73","5,62","1,03M","1,07%"
"24.11.2021","5,60","5,71","5,76","5,54","1,40M","-1,41%"
"23.11.2021","5,68","5,63","5,84","5,42","2,30M","0,89%"
"22.11.2021","5,63","5,84","5,84","5,49","3,31M","-2,93%"
"19.11.2021","5,80","6,03","6,04","5,76","5,09M","-3,01%"
"18.11.2021","5,98","5,95","6,28","5,92","5,07M","0,84%"
"17.11.2021","5,93","6,06","6,06","5,88","3,33M","-1,66%"
"16.11.2021","6,03","6,13","6,20","5,97","3,27M","-1,63%"
"15.11.2021","6,13","6,19","6,25","6,08","4,53M","-0,33%"
"12.11.2021","6,15","6,09","6,16","6,00","4,54M","1,65%"
"11.11.2021","6,05","6,16","6,25","5,83","8,25M","-1,63%"
"10.11.2021","6,15","6,15","6,18","6,08","3,43M","0,49%"
"09.11.2021","6,12","6,21","6,25","6,07","3,85M","-1,45%"
"08.11.2021","6,21","6,21","6,38","6,19","3,84M","0,00%"
"05.11.2021","6,21","6,24","6,38","6,16","2,00M","0,16%"
"03.11.2021","6,20","6,36","6,40","6,16","4,06M","-1,43%"
"02.11.2021","6,29","6,35","6,53","6,15","6,66M","-0,63%"
"01.11.2021","6,33","6,40","6,54","6,22","6,55M","-0,16%"
"29.10.2021","6,34","6,27","6,58","6,27","13,07M","1,60%"
"28.10.2021","6,24","6,50","6,57","6,14","8,04M","-3,11%"
"27.10.2021","6,44","6,83","7,00","6,31","17,13M","-5,15%"
"26.10.2021","6,79","6,36","6,93","6,22","21,48M","7,61%"
"25.10.2021","6,31","6,19","6,95","6,03","26,76M","2,60%"
"22.10.2021","6,15","6,09","6,62","6,00","16,29M","1,15%"
"21.10.2021","6,08","6,09","6,23","6,02","3,06M","0,16%"
"20.10.2021","6,07","5,92","6,15","5,92","4,59M","2,19%"
"19.10.2021","5,94","5,96","6,02","5,91","1,29M","-0,17%"
"18.10.2021","5,95","6,03","6,03","5,88","2,65M","-0,67%"
"15.10.2021","5,99","5,93","6,06","5,87","2,65M","1,18%"
"14.10.2021","5,92","5,83","5,99","5,75","2,83M","2,07%"
"13.10.2021","5,80","5,92","5,92","5,80","1,57M","-1,86%"
"12.10.2021","5,91","6,00","6,00","5,85","1,79M","-0,67%"
"11.10.2021","5,95","5,95","6,12","5,83","2,41M","1,19%"
"08.10.2021","5,88","5,91","5,95","5,82","1,52M","-0,51%"
"07.10.2021","5,91","5,95","6,01","5,88","1,07M","0,34%"
"06.10.2021","5,89","6,05","6,08","5,76","2,42M","-2,00%"
"05.10.2021","6,01","5,99","6,10","5,97","1,94M","0,50%"
"04.10.2021","5,98","6,05","6,08","5,96","885,10K","-0,50%"
"01.10.2021","6,01","5,85","6,33","5,84","2,41M","0,50%"
"30.09.2021","5,98","6,04","6,12","5,90","2,60M","-0,99%"
"29.09.2021","6,04","6,12","6,15","6,01","1,02M","-0,66%"
"28.09.2021","6,08","6,28","6,28","6,08","1,67M","-0,49%"
"27.09.2021","6,11","6,09","6,20","6,03","3,23M","1,83%"
"24.09.2021","6,00","6,02","6,05","5,91","1,90M","-0,33%"
"23.09.2021","6,02","6,02","6,08","6,00","1,74M","-0,33%"
"22.09.2021","6,04","6,06","6,09","6,00","1,02M","-0,17%"
"21.09.2021","6,05","6,12","6,16","6,00","1,93M","-1,14%"
"20.09.2021","6,12","6,18","6,28","6,00","2,36M","-0,97%"
"17.09.2021","6,18","6,14","6,21","6,00","2,38M","1,31%"
"16.09.2021","6,10","6,24","6,33","6,10","2,67M","-2,24%"
"15.09.2021","6,24","6,23","6,29","6,17","1,78M","0,16%"
"14.09.2021","6,23","6,33","6,37","6,23","1,13M","-0,95%"
"13.09.2021","6,29","6,28","6,48","6,22","2,14M","0,80%"
"10.09.2021","6,24","6,41","6,44","6,19","2,14M","-2,04%"
"09.09.2021","6,37","6,37","6,59","6,28","4,02M","0,95%"
"08.09.2021","6,31","6,39","6,45","6,17","5,05M","-0,47%"
"07.09.2021","6,34","6,09","6,67","6,08","10,03M","4,11%"
"06.09.2021","6,09","6,14","6,14","6,06","1,97M","-0,49%"
"03.09.2021","6,12","6,08","6,29","6,04","4,13M","0,66%"
"02.09.2021","6,08","6,11","6,12","6,02","2,19M","-0,16%"
"01.09.2021","6,09","6,08","6,10","6,03","2,12M","1,00%"
"31.08.2021","6,03","6,00","6,09","6,00","2,05M","-0,17%"
"30.08.2021","6,04","6,16","6,20","5,97","3,97M","-1,95%"
"27.08.2021","6,16","6,17","6,20","6,05","1,51M","-0,16%"
"26.08.2021","6,17","6,25","6,28","6,08","1,94M","-0,80%"
"25.08.2021","6,22","6,08","6,38","6,01","6,62M","2,81%"
"24.08.2021","6,05","6,00","6,07","5,92","1,47M","1,51%"
"23.08.2021","5,96","6,08","6,08","5,91","2,14M","-1,49%"
"20.08.2021","6,05","6,15","6,15","5,91","2,54M","-1,14%"
"19.08.2021","6,12","6,27","6,27","6,03","1,73M","-1,92%"
"18.08.2021","6,24","6,30","6,43","6,14","4,00M","-0,95%"
"17.08.2021","6,30","6,58","6,68","6,30","6,49M","-4,11%"
"16.08.2021","6,57","6,27","6,73","6,25","11,79M","5,80%"
"13.08.2021","6,21","5,96","6,36","5,96","9,00M","3,67%"
"12.08.2021","5,99","5,93","6,10","5,89","3,60M","1,01%"
"11.08.2021","5,93","5,91","6,09","5,82","3,22M","1,02%"
"10.08.2021","5,87","5,95","5,98","5,84","929,30K","-0,68%"
"09.08.2021","5,91","5,95","6,10","5,89","2,93M","-0,17%"
"06.08.2021","5,92","5,87","6,14","5,87","3,79M","0,85%"
"05.08.2021","5,87","5,94","5,94","5,84","528,50K","-0,68%"
"04.08.2021","5,91","6,00","6,05","5,88","1,19M","-0,34%"
"03.08.2021","5,93","5,79","6,14","5,75","6,94M","3,49%"
"02.08.2021","5,73","5,72","5,88","5,71","1,29M","-1,72%"
"30.07.2021","5,83","5,83","5,89","5,79","1,15M","0,52%"
"29.07.2021","5,80","5,89","5,95","5,80","1,48M","-2,36%"
"28.07.2021","5,94","6,00","6,05","5,84","1,27M","-0,34%"
"27.07.2021","5,96","5,93","6,16","5,85","2,43M","1,19%"
"26.07.2021","5,89","5,83","5,95","5,77","1,38M","1,55%"
"23.07.2021","5,80","5,88","5,98","5,76","1,40M","-0,51%"
"22.07.2021","5,83","5,75","5,92","5,67","2,85M","1,92%"
"21.07.2021","5,72","5,63","5,80","5,63","1,02M","1,60%"
"20.07.2021","5,63","5,68","5,80","5,56","900,50K","0,18%"
"19.07.2021","5,62","5,80","6,00","5,55","2,88M","-2,26%"
"16.07.2021","5,75","5,82","5,88","5,75","1,18M","-1,20%"
"15.07.2021","5,82","5,99","6,04","5,75","2,20M","-2,35%"
"14.07.2021","5,96","5,76","6,19","5,70","6,40M","3,65%"
"13.07.2021","5,75","5,78","5,78","5,70","1,28M","-0,35%"
"12.07.2021","5,77","5,87","5,91","5,75","1,31M","-0,86%"
"09.07.2021","5,82","5,86","6,00","5,80","2,68M","0,00%"
"08.07.2021","5,82","6,00","6,00","5,79","2,73M","-2,51%"
"07.07.2021","5,97","6,04","6,07","5,91","1,97M","-1,00%"
"06.07.2021","6,03","6,16","6,21","5,90","3,08M","-2,74%"
"05.07.2021","6,20","6,13","6,25","6,13","1,48M","1,14%"
"02.07.2021","6,13","6,21","6,36","6,11","3,52M","-0,65%"
"01.07.2021","6,17","6,23","6,26","6,10","1,51M","-0,48%"
"30.06.2021","6,20","6,29","6,43","6,09","3,22M","-0,80%"
"29.06.2021","6,25","6,40","6,50","6,17","2,74M","-2,04%"
"28.06.2021","6,38","6,50","6,75","6,37","5,98M","0,47%"
"25.06.2021","6,35","6,38","6,54","6,11","5,23M","1,60%"
"24.06.2021","6,25","6,58","6,85","6,16","13,68M","-5,02%"
"23.06.2021","6,58","5,67","7,00","5,67","53,10M","16,05%"
"22.06.2021","5,67","5,67","5,74","5,64","481,30K","0,00%"
"21.06.2021","5,67","5,67","5,72","5,63","508,30K","0,18%"
"18.06.2021","5,66","5,67","5,71","5,63","379,30K","-0,18%"
"17.06.2021","5,67","5,66","5,75","5,62","890,10K","0,18%"
"16.06.2021","5,66","5,63","5,68","5,59","599,60K","0,71%"
"15.06.2021","5,62","5,73","5,78","5,60","1,84M","-1,92%"
"14.06.2021","5,73","5,65","5,80","5,65","741,50K","1,24%"
"11.06.2021","5,66","5,68","5,77","5,64","1,05M","-0,70%"
"10.06.2021","5,70","5,78","5,84","5,58","2,65M","-1,72%"
"09.06.2021","5,80","5,80","5,99","5,76","2,32M","0,17%"
"08.06.2021","5,79","6,01","6,10","5,79","2,93M","-3,66%"
"07.06.2021","6,01","5,64","6,20","5,57","9,12M","7,13%"
"04.06.2021","5,61","5,74","5,76","5,51","1,17M","-1,58%"
"03.06.2021","5,70","5,67","5,76","5,67","1,58M","0,71%"
"02.06.2021","5,66","5,59","5,75","5,57","1,98M","1,62%"
"01.06.2021","5,57","5,52","5,62","5,50","1,00M","1,46%"
"31.05.2021","5,49","5,50","5,57","5,46","668,10K","-0,18%"
"28.05.2021","5,50","5,36","5,54","5,35","1,36M","2,61%"
"27.05.2021","5,36","5,42","5,43","5,35","855,00K","-0,92%"
"26.05.2021","5,41","5,43","5,45","5,38","648,90K","-0,18%"
"25.05.2021","5,42","5,51","5,51","5,37","1,26M","-1,09%"
"24.05.2021","5,48","5,54","5,55","5,40","1,05M","-0,36%"
"21.05.2021","5,50","5,51","5,58","5,41","1,42M","0,18%"
"20.05.2021","5,49","5,56","5,60","5,46","1,26M","-0,90%"
"19.05.2021","5,54","5,62","5,70","5,53","1,24M","-1,07%"
"18.05.2021","5,60","5,57","5,61","5,50","913,30K","0,90%"
"17.05.2021","5,55","5,58","5,63","5,51","1,00M","-0,54%"
"14.05.2021","5,58","5,67","5,72","5,54","1,65M","-1,59%"
"13.05.2021","5,67","5,76","5,79","5,65","1,06M","-1,56%"
"12.05.2021","5,76","5,73","6,12","5,73","2,93M","0,35%"
"11.05.2021","5,74","5,91","5,91","5,71","1,27M","-2,88%"
"10.05.2021","5,91","5,81","6,08","5,75","2,06M","1,72%"
"07.05.2021","5,81","5,87","5,92","5,80","866,00K","-1,36%"
"06.05.2021","5,89","5,92","5,92","5,84","844,50K","-0,51%"
"05.05.2021","5,92","5,92","5,95","5,83","753,40K","0,17%"
"04.05.2021","5,91","5,92","6,00","5,84","644,90K","0,51%"
"30.04.2021","5,88","5,95","5,99","5,85","1,08M","-1,51%"
"29.04.2021","5,97","6,01","6,04","5,88","1,67M","-0,50%"
"28.04.2021","6,00","6,05","6,08","6,00","1,24M","-0,83%"
"27.04.2021","6,05","6,11","6,13","6,02","1,42M","-0,82%"
"26.04.2021","6,10","6,13","6,20","6,05","2,57M","-0,49%"
"23.04.2021","6,13","6,20","6,21","6,08","1,59M","-1,45%"
"22.04.2021","6,22","6,33","6,37","6,17","1,47M","-1,11%"
"21.04.2021","6,29","6,14","6,39","6,04","4,83M","3,11%"
"20.04.2021","6,10","6,19","6,19","6,08","1,29M","-1,13%"
"19.04.2021","6,17","6,19","6,21","6,14","908,80K","-0,32%"
"16.04.2021","6,19","6,19","6,24","6,15","1,17M","0,32%"
"15.04.2021","6,17","6,19","6,30","6,16","1,47M","-0,96%"
"14.04.2021","6,23","6,21","6,28","6,15","1,31M","0,32%"
"13.04.2021","6,21","6,27","6,28","6,18","882,10K","-0,32%"
"12.04.2021","6,23","6,29","6,31","6,20","1,12M","-0,48%"
"09.04.2021","6,26","6,29","6,29","6,21","822,90K","0,00%"
"08.04.2021","6,26","6,31","6,33","6,21","1,14M","-0,16%"
"07.04.2021","6,27","6,33","6,33","6,21","1,02M","-0,32%"
"06.04.2021","6,29","6,21","6,37","6,21","2,93M","-2,78%"
"05.04.2021","6,47","6,49","6,53","6,41","1,14M","-0,61%"
"02.04.2021","6,51","6,54","6,54","6,46","1,07M","0,31%"
"01.04.2021","6,49","6,41","6,53","6,41","1,78M","1,09%"
"31.03.2021","6,42","6,31","6,50","6,27","1,58M","2,07%"
"30.03.2021","6,29","6,36","6,37","6,26","921,40K","-0,79%"
"29.03.2021","6,34","6,39","6,50","6,30","1,64M","-0,47%"
"26.03.2021","6,37","6,18","6,74","6,18","6,71M","2,74%"
"25.03.2021","6,20","6,32","6,33","6,14","2,06M","-1,59%"
"24.03.2021","6,30","6,45","6,47","6,30","2,69M","-2,33%"
"23.03.2021","6,45","6,52","6,55","6,41","1,65M","-0,77%"
"22.03.2021","6,50","6,61","6,62","6,45","2,29M","-1,37%"
"19.03.2021","6,59","6,65","6,65","6,50","1,66M","-1,05%"
"18.03.2021","6,66","6,74","6,74","6,57","1,83M","-0,75%"
"17.03.2021","6,71","6,76","6,78","6,61","1,76M","-0,59%"
"16.03.2021","6,75","6,81","6,81","6,62","1,63M","-0,74%"
"15.03.2021","6,80","6,79","6,84","6,57","1,61M","-0,15%"
"12.03.2021","6,81","6,83","6,84","6,76","941,70K","-0,15%"
"11.03.2021","6,82","6,77","6,95","6,53","1,42M","0,44%"
"10.03.2021","6,79","6,80","7,00","6,72","1,56M","-0,15%"
"09.03.2021","6,80","6,84","6,88","6,76","858,20K","-0,29%"
"05.03.2021","6,82","6,83","7,00","6,80","953,20K","-0,15%"
"04.03.2021","6,83","6,89","6,91","6,81","875,70K","-0,87%"
"03.03.2021","6,89","6,92","6,92","6,83","1,35M","-0,43%"
"02.03.2021","6,92","6,91","6,95","6,80","1,14M","0,00%"
"01.03.2021","6,92","6,91","6,98","6,90","451,30K","0,29%"
"26.02.2021","6,90","6,95","6,96","6,88","729,20K","-0,86%"
"25.02.2021","6,96","6,99","7,00","6,94","1,42M","0,00%"
"24.02.2021","6,96","7,00","7,02","6,91","799,20K","-0,29%"
"22.02.2021","6,98","7,04","7,08","6,93","592,10K","-0,71%"
"20.02.2021","7,03","6,95","7,10","6,95","1,49M","1,59%"
"19.02.2021","6,92","6,92","7,39","6,79","8,38M","0,29%"
"18.02.2021","6,90","7,01","7,10","6,85","2,41M","-1,29%"
"17.02.2021","6,99","7,04","7,17","6,98","1,94M","-0,57%"
"16.02.2021","7,03","7,12","7,15","7,00","1,57M","-1,26%"
"15.02.2021","7,12","7,04","7,17","7,02","1,75M","0,85%"
"12.02.2021","7,06","7,04","7,22","6,95","3,05M","0,57%"
"11.02.2021","7,02","7,04","7,10","6,92","1,29M","0,14%"
"10.02.2021","7,01","6,99","7,07","6,96","933,00K","0,57%"
"09.02.2021","6,97","7,10","7,13","6,93","1,67M","-1,27%"
"08.02.2021","7,06","7,03","7,20","7,01","1,23M","0,14%"
"05.02.2021","7,05","7,05","7,12","6,92","2,09M","0,14%"
"04.02.2021","7,04","7,38","7,70","6,94","11,64M","-2,76%"
"03.02.2021","7,24","6,90","7,25","6,87","9,47M","5,23%"
"02.02.2021","6,88","6,71","6,89","6,66","1,89M","2,53%"
"01.02.2021","6,71","6,67","6,90","6,66","1,87M","0,90%"
"29.01.2021","6,65","6,82","6,85","6,60","1,71M","-2,06%"
"28.01.2021","6,79","6,84","6,87","6,75","952,30K","-1,02%"
"27.01.2021","6,86","7,00","7,00","6,82","1,47M","-2,00%"
"26.01.2021","7,00","7,00","7,05","6,96","1,08M","-0,14%"
"25.01.2021","7,01","6,97","7,05","6,89","1,68M","1,59%"
"22.01.2021","6,90","6,96","6,96","6,84","1,35M","-0,72%"
"21.01.2021","6,95","7,04","7,05","6,93","1,60M","-0,86%"
"20.01.2021","7,01","7,03","7,05","6,99","763,90K","0,14%"
"19.01.2021","7,00","7,14","7,19","6,99","1,67M","-1,55%"
"18.01.2021","7,11","7,00","7,28","6,99","5,06M","1,57%"
"15.01.2021","7,00","6,96","7,04","6,95","1,17M","0,86%"
"14.01.2021","6,94","6,97","7,00","6,92","1,07M","-0,14%"
"13.01.2021","6,95","7,04","7,04","6,92","1,11M","-0,86%"
"12.01.2021","7,01","7,09","7,14","6,98","2,33M","-0,85%"
"11.01.2021","7,07","7,16","7,16","7,00","1,74M","-1,26%"
"08.01.2021","7,16","7,22","7,22","7,14","1,23M","-0,56%"
"06.01.2021","7,20","7,18","7,28","7,15","1,46M","0,56%"
"05.01.2021","7,16","6,97","7,45","6,95","5,38M","2,87%"
"04.01.2021","6,96","6,88","6,98","6,84","1,37M","1,61%"
"30.12.2020","6,85","6,88","6,90","6,83","1,17M","-0,15%"
"29.12.2020","6,86","6,94","6,95","6,83","1,10M","-0,87%"
"28.12.2020","6,92","7,00","7,05","6,90","2,23M","-1,56%"
"25.12.2020","7,03","6,99","7,18","6,68","4,22M","0,86%"
"24.12.2020","6,97","6,96","7,06","6,89","1,19M","0,00%"
"23.12.2020","6,97","7,11","7,11","6,92","1,69M","-1,13%"
"22.12.2020","7,05","6,95","7,20","6,95","2,61M","1,29%"
"21.12.2020","6,96","7,07","7,15","6,88","1,90M","-1,42%"
"18.12.2020","7,06","7,04","7,19","6,88","1,75M","-0,42%"
"17.12.2020","7,09","7,20","7,27","7,00","1,94M","-1,39%"
"16.12.2020","7,19","7,25","7,33","7,15","970,50K","-0,83%"
"15.12.2020","7,25","7,26","7,46","7,20","1,72M","0,28%"
"14.12.2020","7,23","7,38","7,46","7,22","1,14M","-2,17%"
"11.12.2020","7,39","7,41","7,43","7,25","1,69M","0,14%"
"10.12.2020","7,38","7,62","7,90","7,33","4,03M","-2,51%"
"09.12.2020","7,57","7,27","7,62","7,22","5,25M","4,41%"
"08.12.2020","7,25","7,20","7,34","7,12","2,01M","0,69%"
"07.12.2020","7,20","7,27","7,45","7,12","1,84M","-0,96%"
"04.12.2020","7,27","7,48","7,49","7,21","1,71M","-1,89%"
"03.12.2020","7,41","7,48","7,59","7,40","1,78M","-0,67%"
"02.12.2020","7,46","7,45","7,62","7,41","1,56M","-0,13%"
"01.12.2020","7,47","7,50","7,68","7,30","3,93M","-0,80%"
"30.11.2020","7,53","7,55","7,76","7,49","6,42M","0,80%"
"27.11.2020","7,47","7,60","7,74","7,42","3,28M","-0,80%"
"26.11.2020","7,53","7,23","7,77","7,16","11,61M","4,29%"
"25.11.2020","7,22","7,38","7,51","7,12","3,91M","-1,23%"
"24.11.2020","7,31","7,93","8,15","7,20","14,63M","-6,28%"
"23.11.2020","7,80","6,85","8,18","6,64","24,62M","14,20%"
"20.11.2020","6,83","6,83","6,92","6,68","1,08M","0,15%"
"19.11.2020","6,82","6,71","6,83","6,59","2,06M","1,64%"
"18.11.2020","6,71","6,74","6,93","6,64","2,06M","-1,32%"
"17.11.2020","6,80","6,63","6,94","6,60","4,43M","2,56%"
"16.11.2020","6,63","6,65","6,68","6,60","538,90K","0,00%"
"13.11.2020","6,63","6,65","6,67","6,59","405,70K","0,00%"
"12.11.2020","6,63","6,71","6,71","6,58","341,30K","0,45%"
"11.11.2020","6,60","6,67","6,70","6,55","662,20K","-0,75%"
"10.11.2020","6,65","6,71","6,76","6,60","921,80K","-0,89%"
"09.11.2020","6,71","6,67","6,80","6,60","2,19M","0,90%"
"06.11.2020","6,65","6,67","6,67","6,57","510,70K","-0,15%"
"05.11.2020","6,66","6,63","6,72","6,57","1,24M","0,45%"
"03.11.2020","6,63","6,64","6,75","6,52","773,90K","0,00%"
"02.11.2020","6,63","6,63","6,92","6,52","1,85M","1,53%"
"30.10.2020","6,53","6,35","6,53","6,32","627,90K","1,71%"
"29.10.2020","6,42","6,30","6,51","6,30","475,70K","1,42%"
"28.10.2020","6,33","6,46","6,54","6,27","956,90K","-2,47%"
"27.10.2020","6,49","6,54","6,58","6,40","689,90K","-1,07%"
"26.10.2020","6,56","6,65","6,68","6,47","477,50K","-1,06%"
"23.10.2020","6,63","6,65","6,70","6,57","688,60K","0,00%"
"22.10.2020","6,63","6,59","6,64","6,45","1,80M","0,61%"
"21.10.2020","6,59","6,66","6,67","6,50","802,40K","-0,75%"
"20.10.2020","6,64","6,71","6,71","6,62","515,00K","-0,90%"
"19.10.2020","6,70","6,78","6,80","6,67","507,10K","-0,89%"
"16.10.2020","6,76","6,74","6,80","6,64","1,17M","1,05%"
"15.10.2020","6,69","6,89","6,96","6,62","1,15M","-2,34%"
"14.10.2020","6,85","6,70","6,92","6,66","2,00M","2,85%"
"13.10.2020","6,66","6,69","6,92","6,66","1,31M","-0,15%"
"12.10.2020","6,67","6,70","6,76","6,61","821,50K","-0,60%"
"09.10.2020","6,71","6,79","6,83","6,62","517,00K","-1,18%"
"08.10.2020","6,79","6,76","6,85","6,69","875,60K","0,44%"
"07.10.2020","6,76","6,92","6,95","6,75","673,60K","-2,31%"
"06.10.2020","6,92","6,96","7,05","6,85","1,33M","-0,43%"
"05.10.2020","6,95","7,00","7,01","6,62","2,16M","-0,43%"
"02.10.2020","6,98","6,97","7,03","6,84","793,10K","0,14%"
"01.10.2020","6,97","7,12","7,17","6,89","2,67M","-2,24%"
"30.09.2020","7,13","7,18","7,23","7,05","632,70K","-0,70%"
"29.09.2020","7,18","7,21","7,29","7,15","624,30K","-0,55%"
"28.09.2020","7,22","7,25","7,47","7,15","1,98M","-0,41%"
"25.09.2020","7,25","7,15","7,34","7,12","1,80M","1,68%"
"24.09.2020","7,13","7,01","7,48","6,80","2,72M","1,86%"
"23.09.2020","7,00","7,04","7,08","6,97","830,50K","-0,71%"
"22.09.2020","7,05","7,01","7,23","6,96","1,15M","0,57%"
"21.09.2020","7,01","7,18","7,20","6,99","1,15M","-2,37%"
"18.09.2020","7,18","7,22","7,25","7,16","319,00K","-0,28%"
"17.09.2020","7,20","7,24","7,32","7,18","585,70K","-0,14%"
"16.09.2020","7,21","7,18","7,39","7,17","1,34M","0,70%"
"15.09.2020","7,16","7,17","7,20","7,10","964,70K","-0,56%"
"14.09.2020","7,20","7,21","7,26","7,05","1,73M","-0,14%"
"11.09.2020","7,21","7,17","7,27","7,12","825,50K","0,56%"
"10.09.2020","7,17","7,13","7,26","7,12","616,60K","0,56%"
"09.09.2020","7,13","7,16","7,19","7,05","361,90K","-0,70%"
"08.09.2020","7,18","7,30","7,36","7,10","923,70K","-1,10%"
"07.09.2020","7,26","7,35","7,35","7,16","742,90K","-0,68%"
"04.09.2020","7,31","7,24","7,44","7,18","1,86M","1,53%"
"03.09.2020","7,20","7,36","7,36","7,18","1,31M","-1,37%"
"02.09.2020","7,30","7,45","7,54","7,27","1,80M","-1,62%"
"01.09.2020","7,42","7,36","7,62","7,19","2,69M","1,64%"
"31.08.2020","7,30","7,29","7,41","7,25","794,10K","0,55%"
"28.08.2020","7,26","7,33","7,39","7,15","587,60K","-0,41%"
"27.08.2020","7,29","7,37","7,49","7,15","1,43M","-1,09%"
"26.08.2020","7,37","7,50","7,51","7,28","1,15M","-1,73%"
"25.08.2020","7,50","7,59","7,65","7,47","539,00K","-1,19%"
"24.08.2020","7,59","7,75","7,75","7,57","1,38M","-2,06%"
"21.08.2020","7,75","7,51","7,75","7,49","1,88M","3,75%"
"20.08.2020","7,47","7,61","7,67","7,40","1,31M","-1,84%"
"19.08.2020","7,61","7,66","7,70","7,50","1,17M","0,40%"
"18.08.2020","7,58","7,58","7,68","7,50","1,44M","0,53%"
"17.08.2020","7,54","7,80","7,91","7,49","2,36M","-2,46%"
"14.08.2020","7,73","7,94","7,94","7,67","2,21M","-2,15%"
"13.08.2020","7,90","7,38","8,05","7,29","7,94M","7,78%"
"12.08.2020","7,33","7,21","7,49","7,21","1,80M","1,66%"
"11.08.2020","7,21","7,24","7,35","7,17","1,48M","-0,41%"
"10.08.2020","7,24","7,30","7,30","7,19","714,10K","-0,69%"
"07.08.2020","7,29","7,49","7,49","7,20","1,34M","-2,28%"
"06.08.2020","7,46","7,21","7,46","7,17","2,06M","3,47%"
"05.08.2020","7,21","7,22","7,33","7,15","1,82M","-0,14%"
"04.08.2020","7,22","7,14","7,29","7,13","1,18M","0,98%"
"03.08.2020","7,15","7,29","7,41","7,13","1,55M","-1,92%"
"31.07.2020","7,29","7,38","7,45","7,22","1,19M","-0,68%"
"30.07.2020","7,34","7,60","7,78","7,22","2,48M","-4,18%"
"29.07.2020","7,66","7,80","7,80","7,55","1,58M","-0,13%"
"28.07.2020","7,67","7,70","7,75","7,50","1,74M","-0,26%"
"27.07.2020","7,69","8,00","8,01","7,61","1,77M","-0,26%"
"24.07.2020","7,71","7,60","8,12","7,51","2,53M","2,12%"
"23.07.2020","7,55","7,89","7,89","7,50","2,27M","-3,08%"
"22.07.2020","7,79","7,80","7,98","7,50","2,97M","-0,13%"
"21.07.2020","7,80","7,65","8,52","7,65","8,03M","-8,13%"
"20.07.2020","8,49","7,68","8,50","7,66","11,25M","12,15%"
"17.07.2020","7,57","7,07","7,75","6,97","8,74M","8,92%"
"16.07.2020","6,95","6,77","7,37","6,77","4,34M","2,96%"
"15.07.2020","6,75","6,71","6,82","6,66","762,60K","0,15%"
"14.07.2020","6,74","6,67","6,94","6,64","1,19M","-0,15%"
"13.07.2020","6,75","6,53","7,11","6,51","3,17M","3,37%"
"10.07.2020","6,53","6,47","6,54","6,46","328,20K","0,46%"
"09.07.2020","6,50","6,59","6,59","6,47","921,90K","-1,37%"
"08.07.2020","6,59","6,63","6,63","6,53","595,70K","0,00%"
"07.07.2020","6,59","6,63","6,67","6,57","408,10K","-0,45%"
"06.07.2020","6,62","6,71","6,74","6,55","1,11M","-1,19%"
"03.07.2020","6,70","6,75","6,86","6,67","675,20K","0,30%"
"02.07.2020","6,68","6,67","6,79","6,58","680,90K","1,37%"
"30.06.2020","6,59","6,88","6,88","6,57","1,64M","-3,09%"
"29.06.2020","6,80","6,67","6,98","6,55","2,88M","3,34%"
"26.06.2020","6,58","6,68","6,97","6,58","1,34M","-1,50%"
"25.06.2020","6,68","6,58","6,76","6,42","1,99M","1,98%"
"23.06.2020","6,55","6,71","6,73","6,49","2,00M","-2,09%"
"22.06.2020","6,69","6,88","6,99","6,67","1,92M","-1,76%"
"19.06.2020","6,81","6,89","7,00","7,00","959,50K","-1,02%"
"18.06.2020","6,88","6,84","7,29","6,79","2,08M","0,58%"
"17.06.2020","6,84","6,91","6,93","6,77","1,54M","-1,16%"
"16.06.2020","6,92","7,03","7,12","6,78","1,46M","-1,28%"
"15.06.2020","7,01","7,11","7,29","6,97","756,40K","-1,27%"
"11.06.2020","7,10","7,17","7,24","7,06","615,20K","-0,98%"
"10.06.2020","7,17","7,28","7,29","7,12","436,10K","-0,69%"
"09.06.2020","7,22","7,29","7,43","7,18","408,90K","-0,41%"
"08.06.2020","7,25","7,38","7,40","7,12","1,12M","-2,03%"
"05.06.2020","7,40","7,54","7,62","7,33","877,10K","-1,73%"
"04.06.2020","7,53","7,46","7,84","7,37","1,95M","0,94%"
"03.06.2020","7,46","7,53","7,58","7,38","785,40K","-1,06%"
"02.06.2020","7,54","7,14","7,78","7,13","3,45M","6,05%"
"01.06.2020","7,11","7,42","7,42","7,08","1,93M","-4,18%"
"29.05.2020","7,42","7,58","7,58","7,40","591,40K","-1,20%"
"28.05.2020","7,51","7,67","7,67","7,40","1,31M","-1,70%"
"27.05.2020","7,64","7,80","7,80","7,46","1,88M","-1,67%"
"26.05.2020","7,77","7,88","7,97","7,70","1,61M","0,13%"
"25.05.2020","7,76","7,76","7,96","7,72","745,90K","0,00%"
"22.05.2020","7,76","7,88","7,92","7,72","765,60K","-0,89%"
"21.05.2020","7,83","7,83","8,07","7,79","1,94M","0,51%"
"20.05.2020","7,79","7,82","7,84","7,70","933,10K","0,39%"
"19.05.2020","7,76","7,83","7,83","7,70","636,60K","0,26%"
"18.05.2020","7,74","7,92","7,92","7,70","1,05M","-1,02%"
"15.05.2020","7,82","7,96","8,00","7,65","1,32M","-0,89%"
"14.05.2020","7,89","8,06","8,25","7,75","2,17M","-0,88%"
"13.05.2020","7,96","7,77","8,57","7,66","7,29M","3,24%"
"12.05.2020","7,71","8,06","8,06","7,61","1,81M","-3,99%"
"08.05.2020","8,03","8,26","8,37","7,95","1,32M","-2,55%"
"07.05.2020","8,24","8,20","8,48","7,95","2,37M","2,23%"
"06.05.2020","8,06","8,21","8,25","7,94","2,04M","-2,07%"
"05.05.2020","8,23","8,36","8,36","8,17","427,30K","-1,32%"
"04.05.2020","8,34","8,37","8,37","8,15","436,70K","0,48%"
"30.04.2020","8,30","8,43","8,60","7,99","4,41M","-0,84%"
"29.04.2020","8,37","8,47","8,75","8,30","3,96M","-0,71%"
"28.04.2020","8,43","8,38","8,59","8,32","1,67M","-0,35%"
"27.04.2020","8,46","8,85","8,85","8,41","2,06M","-2,76%"
"24.04.2020","8,70","8,75","8,95","8,35","3,76M","2,11%"
"23.04.2020","8,52","8,65","8,65","7,95","6,58M","-0,93%"
"22.04.2020","8,60","8,90","9,09","8,45","4,06M","-3,37%"
"21.04.2020","8,90","9,31","9,34","8,72","4,18M","-4,30%"
"20.04.2020","9,30","9,55","9,60","8,98","4,51M","0,87%"
"17.04.2020","9,22","9,80","10,56","9,02","12,79M","-0,86%"
"16.04.2020","9,30","8,94","10,38","8,68","32,11M","5,68%"
"15.04.2020","8,80","8,12","8,98","7,80","22,87M","10,14%"
"14.04.2020","7,99","8,39","9,65","7,71","34,49M","-1,72%"
"13.04.2020","8,13","6,25","8,29","6,10","25,55M","30,50%"
"10.04.2020","6,23","6,19","6,31","6,14","1,57M","-0,48%"
"09.04.2020","6,26","6,30","6,34","6,04","1,69M","-1,11%"
"08.04.2020","6,33","6,29","6,35","6,12","461,50K","0,80%"
"07.04.2020","6,28","6,39","6,41","6,20","1,11M","-0,95%"
"06.04.2020","6,34","6,30","6,47","6,24","1,67M","-0,63%"
"03.04.2020","6,38","6,50","6,53","6,25","1,14M","-1,39%"
"02.04.2020","6,47","6,68","6,68","6,38","709,40K","-0,31%"
"01.04.2020","6,49","6,50","6,86","6,30","2,14M","0,15%"
"31.03.2020","6,48","6,46","6,57","6,34","1,70M","2,37%"
"30.03.2020","6,33","6,13","6,50","6,10","1,89M","5,32%"
"27.03.2020","6,01","6,38","6,46","5,92","1,76M","-6,24%"
"26.03.2020","6,41","6,62","6,70","6,27","1,68M","-1,54%"
"25.03.2020","6,51","6,83","7,29","6,33","2,60M","-2,84%"
"24.03.2020","6,70","6,23","7,19","6,23","2,69M","8,41%"
"23.03.2020","6,18","6,08","6,45","5,91","4,25M","6,37%"
"20.03.2020","5,81","5,63","6,00","5,42","1,22M","1,04%"
"19.03.2020","5,75","6,10","6,35","5,58","1,45M","-2,71%"
"18.03.2020","5,91","5,24","6,50","5,24","4,74M","11,51%"
"17.03.2020","5,30","5,37","5,64","5,15","559,70K","0,00%"
"16.03.2020","5,30","5,21","5,92","4,80","1,49M","-0,38%"
"13.03.2020","5,32","5,10","5,80","5,10","1,11M","3,91%"
"12.03.2020","5,12","5,88","6,00","5,08","1,02M","-14,67%"
"11.03.2020","6,00","5,93","6,20","5,83","1,01M","2,92%"
"10.03.2020","5,83","5,98","6,30","3,95","2,09M","-11,13%"
"06.03.2020","6,56","6,81","7,32","6,31","1,78M","-8,64%"
"05.03.2020","7,18","7,41","7,78","7,05","2,58M","-4,90%"
"04.03.2020","7,55","6,66","7,77","6,50","9,28M","14,74%"
"03.03.2020","6,58","6,30","6,84","6,27","902,20K","4,61%"
"02.03.2020","6,29","5,96","6,46","5,83","996,50K","5,71%"
"28.02.2020","5,95","6,30","6,46","5,35","1,66M","-7,89%"
"27.02.2020","6,46","7,05","7,08","6,37","951,00K","-6,65%"
"26.02.2020","6,92","7,01","7,12","6,50","1,22M","-1,28%"
"25.02.2020","7,01","7,31","7,50","6,91","1,73M","-2,23%"
"21.02.2020","7,17","7,24","7,28","7,10","349,00K","-0,14%"
"20.02.2020","7,18","7,38","7,40","7,05","1,45M","-0,83%"
"19.02.2020","7,24","6,93","7,59","6,65","5,47M","5,39%"
"18.02.2020","6,87","7,14","7,15","6,65","3,21M","-3,24%"
"17.02.2020","7,10","7,77","7,77","6,98","3,93M","-7,43%"
"14.02.2020","7,67","7,86","8,00","7,63","950,40K","-3,03%"
"13.02.2020","7,91","7,90","8,20","7,77","1,73M","0,51%"
"12.02.2020","7,87","8,10","8,31","7,60","1,89M","-4,14%"
"11.02.2020","8,21","8,68","8,68","8,10","2,34M","-5,41%"
"10.02.2020","8,68","8,31","9,18","8,31","3,24M","4,70%"
"07.02.2020","8,29","8,47","8,76","7,85","2,91M","-4,05%"
"06.02.2020","8,64","9,59","9,60","8,54","2,25M","-8,57%"
"05.02.2020","9,45","9,57","9,58","8,59","8,17M","-0,11%"
"04.02.2020","9,46","10,56","10,85","9,05","14,28M","-7,35%"
"03.02.2020","10,21","8,90","10,21","8,87","20,04M","17,36%"
"31.01.2020","8,70","8,21","8,87","8,00","7,40M","8,07%"
"30.01.2020","8,05","7,80","8,39","7,00","11,96M","5,23%"
"29.01.2020","7,65","8,85","10,74","7,20","23,55M","-12,57%"
"28.01.2020","8,75","6,79","8,98","6,76","21,35M","31,98%"
"27.01.2020","6,63","4,98","6,77","4,91","19,35M","35,86%"
"24.01.2020","4,88","5,09","5,13","4,82","681,80K","-2,40%"
"23.01.2020","5,00","4,87","5,08","4,83","973,90K","3,73%"
"22.01.2020","4,82","4,82","5,19","4,80","891,80K","0,84%"
"21.01.2020","4,78","4,84","4,92","4,77","428,80K","-1,04%"
"20.01.2020","4,83","4,75","4,97","4,70","410,00K","-0,41%"
"17.01.2020","4,85","4,74","5,04","4,72","387,60K","-0,41%"
"16.01.2020","4,87","4,96","5,06","4,61","1,04M","-0,41%"
"15.01.2020","4,89","4,90","5,49","4,76","3,30M","0,82%"
"14.01.2020","4,85","4,45","5,19","4,45","4,48M","9,48%"
"13.01.2020","4,43","4,33","4,47","4,29","522,10K","2,31%"
"10.01.2020","4,33","4,29","4,33","4,25","132,80K","0,93%"
"09.01.2020","4,29","4,29","4,33","4,22","80,90K","0,00%"
"08.01.2020","4,29","4,13","4,30","4,13","322,00K","4,13%"
"06.01.2020","4,12","4,20","4,20","4,12","78,10K","-1,20%"
"03.01.2020","4,17","4,17","4,20","4,12","55,20K","0,48%"
"30.12.2019","4,15","4,14","4,20","4,12","70,20K","0,24%"
"27.12.2019","4,14","4,16","4,21","4,08","274,80K","-0,24%"
"26.12.2019","4,15","4,20","4,20","4,10","221,90K","0,24%"
"25.12.2019","4,14","4,21","4,21","4,09","395,80K","-0,96%"
"24.12.2019","4,18","4,24","4,24","4,13","133,90K","-0,71%"
"23.12.2019","4,21","4,21","4,33","4,15","305,70K","0,00%"
"20.12.2019","4,21","4,28","4,43","4,17","267,50K","-2,77%"
"19.12.2019","4,33","4,18","4,37","4,15","569,20K","3,34%"
"18.12.2019","4,19","4,08","4,20","4,08","211,20K","2,20%"
"17.12.2019","4,10","4,13","4,13","4,08","65,60K","-0,49%"
"16.12.2019","4,12","4,18","4,18","4,08","171,20K","-0,72%"
"13.12.2019","4,15","4,17","4,20","4,05","221,40K","-0,48%"
"12.12.2019","4,17","4,17","4,22","4,04","129,50K","-1,65%"
"11.12.2019","4,24","4,20","4,25","4,17","38,70K","1,19%"
"10.12.2019","4,19","4,23","4,30","4,14","140,10K","-0,95%"
"09.12.2019","4,23","4,22","4,23","4,16","29,80K","0,48%"
"06.12.2019","4,21","4,22","4,23","4,18","67,70K","0,00%"
"05.12.2019","4,21","4,20","4,23","4,17","17,30K","0,24%"
"04.12.2019","4,20","4,17","4,25","4,17","24,10K","-0,24%"
"03.12.2019","4,21","4,18","4,26","4,16","50,60K","-0,94%"
"02.12.2019","4,25","4,17","4,28","4,17","223,70K","0,95%"
"29.11.2019","4,21","4,17","4,24","4,10","213,80K","1,20%"
"28.11.2019","4,16","4,13","4,17","4,09","99,60K","0,48%"
"27.11.2019","4,14","4,15","4,15","4,09","167,80K","0,73%"
"26.11.2019","4,11","4,16","4,25","4,10","388,90K","-1,20%"
"25.11.2019","4,16","4,24","4,24","4,13","371,90K","-0,48%"
"22.11.2019","4,18","4,21","4,23","4,17","180,00K","-0,24%"
"21.11.2019","4,19","4,22","4,43","4,18","344,90K","-0,48%"
"20.11.2019","4,21","4,25","4,25","4,17","103,60K","-0,94%"
"19.11.2019","4,25","4,24","4,26","4,17","231,60K","1,43%"
"18.11.2019","4,19","4,25","4,25","4,18","133,50K","-1,18%"
"15.11.2019","4,24","4,20","4,25","4,17","159,90K","0,24%"
"14.11.2019","4,23","4,28","4,28","4,17","44,60K","0,48%"
"13.11.2019","4,21","4,34","4,37","4,19","261,40K","-2,09%"
"12.11.2019","4,30","4,43","4,47","4,23","537,00K","-2,93%"
"11.11.2019","4,43","4,30","4,46","4,30","90,90K","2,55%"
"08.11.2019","4,32","4,29","4,33","4,20","121,10K","0,70%"
"07.11.2019","4,29","4,42","4,57","4,25","390,90K","-2,94%"
"06.11.2019","4,42","4,21","4,77","4,21","1,19M","5,74%"
"05.11.2019","4,18","4,22","4,26","4,18","89,00K","-0,95%"
"01.11.2019","4,22","4,18","4,30","4,16","129,90K","0,72%"
"31.10.2019","4,19","4,24","4,25","4,13","191,30K","-0,48%"
"30.10.2019","4,21","4,25","4,28","4,20","226,30K","-1,64%"
"29.10.2019","4,28","4,25","4,34","4,21","91,80K","-0,47%"
"28.10.2019","4,30","4,30","4,34","4,24","124,70K","0,00%"
"25.10.2019","4,30","4,38","4,38","4,25","208,90K","-0,69%"
"24.10.2019","4,33","4,38","4,43","4,25","423,40K","-1,14%"
"23.10.2019","4,38","4,42","4,55","4,34","351,30K","-0,90%"
"22.10.2019","4,42","4,43","4,44","4,38","147,60K","-0,23%"
"21.10.2019","4,43","4,45","4,46","4,42","91,10K","-0,23%"
"18.10.2019","4,44","4,50","4,51","4,43","51,80K","-1,33%"
"17.10.2019","4,50","4,43","4,51","4,42","29,50K","2,04%"
"16.10.2019","4,41","4,43","4,45","4,39","133,80K","-0,23%"
"15.10.2019","4,42","4,51","4,51","4,41","146,50K","-1,56%"
"14.10.2019","4,49","4,50","4,52","4,42","41,10K","0,67%"
"11.10.2019","4,46","4,49","4,58","4,46","88,60K","-0,67%"
"10.10.2019","4,49","4,53","4,53","4,40","137,00K","-1,10%"
"09.10.2019","4,54","4,53","4,58","4,50","16,00K","0,22%"
"08.10.2019","4,53","4,57","4,67","4,50","92,70K","-1,52%"
"07.10.2019","4,60","4,53","4,69","4,47","92,40K","1,55%"
"04.10.2019","4,53","4,53","4,55","4,45","144,80K","0,00%"
"03.10.2019","4,53","4,52","4,68","4,50","90,70K","0,44%"
"02.10.2019","4,51","4,72","4,73","4,43","430,70K","-4,25%"
"01.10.2019","4,71","4,84","4,95","4,70","174,10K","-3,09%"
"30.09.2019","4,86","4,72","4,87","4,70","96,90K","2,75%"
"27.09.2019","4,73","4,70","4,73","4,65","64,30K","1,07%"
"26.09.2019","4,68","4,80","4,80","4,68","195,50K","-1,47%"
"25.09.2019","4,75","4,80","4,83","4,74","53,30K","-1,04%"
"24.09.2019","4,80","4,83","4,88","4,80","102,70K","-0,62%"
"23.09.2019","4,83","4,81","4,84","4,75","55,90K","0,21%"
"20.09.2019","4,82","4,84","4,87","4,78","55,10K","-0,41%"
"19.09.2019","4,84","4,90","4,91","4,80","49,30K","-0,21%"
"18.09.2019","4,85","4,90","4,93","4,85","36,40K","-0,61%"
"17.09.2019","4,88","4,97","4,98","4,87","80,70K","-1,21%"
"16.09.2019","4,94","4,92","4,98","4,92","39,30K","0,41%"
"13.09.2019","4,92","4,91","4,97","4,87","76,90K","-0,61%"
"12.09.2019","4,95","4,94","4,97","4,89","133,60K","0,00%"
"11.09.2019","4,95","5,01","5,07","4,85","241,80K","-0,80%"
"10.09.2019","4,99","4,90","5,00","4,90","208,30K","1,84%"
"09.09.2019","4,90","4,86","4,92","4,75","102,80K","1,45%"
"06.09.2019","4,83","4,86","4,86","4,80","24,60K","0,00%"
"05.09.2019","4,83","4,87","4,92","4,80","78,80K","-1,02%"
"04.09.2019","4,88","4,94","4,96","4,80","66,50K","1,46%"
"03.09.2019","4,81","4,74","5,06","4,74","230,20K","1,26%"
"02.09.2019","4,75","4,74","4,79","4,68","54,00K","0,85%"
"30.08.2019","4,71","4,69","4,72","4,65","28,40K","0,43%"
"29.08.2019","4,69","4,74","4,78","4,63","100,80K","0,00%"
"28.08.2019","4,69","4,72","4,75","4,64","66,20K","-0,85%"
"27.08.2019","4,73","4,86","4,86","4,71","52,10K","-1,66%"
"26.08.2019","4,81","4,84","4,84","4,75","18,60K","-0,41%"
"23.08.2019","4,83","4,85","4,90","4,77","90,90K","0,00%"
"22.08.2019","4,83","4,87","4,99","4,74","152,90K","0,00%"
"21.08.2019","4,83","4,64","5,20","4,50","783,30K","5,23%"
"20.08.2019","4,59","4,79","4,84","4,58","204,40K","-3,97%"
"19.08.2019","4,78","4,76","4,84","4,72","72,10K","0,21%"
"16.08.2019","4,77","4,74","4,88","4,44","612,20K","1,49%"
"15.08.2019","4,70","4,92","5,09","4,68","658,80K","-4,28%"
"14.08.2019","4,91","5,20","5,20","4,90","431,00K","-4,10%"
"13.08.2019","5,12","5,20","5,28","5,08","302,00K","-1,54%"
"12.08.2019","5,20","5,28","5,29","5,18","67,80K","0,00%"
"09.08.2019","5,20","5,23","5,24","5,16","37,40K","0,00%"
"08.08.2019","5,20","5,17","5,28","5,17","78,70K","0,00%"
"07.08.2019","5,20","5,20","5,22","5,16","54,50K","0,39%"
"06.08.2019","5,18","5,17","5,20","5,14","45,40K","0,19%"
"05.08.2019","5,17","5,20","5,22","5,12","167,60K","-0,58%"
"02.08.2019","5,20","5,30","5,33","5,11","410,70K","-1,33%"
"01.08.2019","5,27","5,30","5,34","5,22","385,50K","-0,38%"
"31.07.2019","5,29","5,38","5,38","5,25","377,30K","-0,94%"
"30.07.2019","5,34","5,42","5,42","5,28","414,70K","-0,56%"
"29.07.2019","5,37","5,50","5,54","5,32","453,10K","-1,83%"
"26.07.2019","5,47","5,48","5,53","5,36","110,60K","1,11%"
"25.07.2019","5,41","5,49","5,55","5,34","331,30K","-0,18%"
"24.07.2019","5,42","5,58","5,62","5,39","277,10K","-2,17%"
"23.07.2019","5,54","5,64","5,71","5,35","436,70K","-1,42%"
"22.07.2019","5,62","5,54","5,64","5,51","86,80K","1,26%"
"19.07.2019","5,55","5,62","5,62","5,45","237,10K","0,18%"
"18.07.2019","5,54","5,71","5,71","5,50","368,90K","-2,98%"
"17.07.2019","5,71","5,75","5,79","5,55","103,20K","-1,04%"
"16.07.2019","5,77","5,72","5,87","5,53","199,30K","0,52%"
"15.07.2019","5,74","5,66","6,16","5,66","831,60K","2,68%"
"12.07.2019","5,59","5,66","5,67","5,50","220,90K","0,18%"
"11.07.2019","5,58","5,65","5,71","5,53","128,50K","-0,89%"
"10.07.2019","5,63","5,75","5,88","5,53","381,90K","-0,88%"
"09.07.2019","5,68","5,72","5,78","5,62","98,70K","-1,90%"
"08.07.2019","5,79","5,79","6,00","5,63","331,40K","0,00%"
"05.07.2019","5,79","5,65","5,95","5,46","424,50K","2,12%"
"04.07.2019","5,67","5,71","5,95","5,40","296,20K","-0,53%"
"03.07.2019","5,70","5,25","5,88","5,25","1,03M","8,78%"
"02.07.2019","5,24","5,38","5,40","5,24","170,40K","-1,69%"
"01.07.2019","5,33","5,28","5,38","5,25","115,50K","0,19%"
"28.06.2019","5,32","5,46","5,75","5,20","597,60K","-3,62%"
"27.06.2019","5,52","5,30","6,06","5,30","1,15M","4,35%"
"26.06.2019","5,29","5,34","5,36","5,23","153,00K","-0,19%"
"25.06.2019","5,30","5,28","5,33","5,22","58,10K","0,38%"
"24.06.2019","5,28","5,35","5,40","5,28","100,10K","-1,68%"
"21.06.2019","5,37","5,26","5,39","5,18","119,60K","3,07%"
"20.06.2019","5,21","5,34","5,42","5,16","708,70K","-2,80%"
"19.06.2019","5,36","5,43","5,58","5,32","317,60K","-2,55%"
"18.06.2019","5,50","5,46","5,50","5,43","84,50K","1,85%"
"17.06.2019","5,40","5,42","5,49","5,38","55,10K","0,19%"
"14.06.2019","5,39","5,38","5,45","5,32","41,60K","0,19%"
"13.06.2019","5,38","5,40","5,40","5,33","282,10K","-0,37%"
"11.06.2019","5,40","5,46","5,48","5,39","140,60K","-1,10%"
"10.06.2019","5,46","5,50","5,55","5,40","268,90K","-0,36%"
"07.06.2019","5,48","5,47","5,59","5,44","226,90K","-0,36%"
"06.06.2019","5,50","5,55","5,62","5,46","146,80K","-1,61%"
"05.06.2019","5,59","5,60","5,61","5,54","7,50K","-0,36%"
"04.06.2019","5,61","5,49","5,67","5,49","37,70K","2,00%"
"03.06.2019","5,50","5,58","5,58","5,50","45,00K","-0,54%"
"31.05.2019","5,53","5,51","5,98","5,50","304,20K","0,55%"
"30.05.2019","5,50","5,51","5,59","5,49","70,50K","-1,26%"
"29.05.2019","5,57","5,66","5,66","5,50","63,90K","-0,54%"
"28.05.2019","5,60","5,67","5,71","5,57","16,60K","-1,06%"
"27.05.2019","5,66","5,66","5,68","5,54","13,30K","1,07%"
"24.05.2019","5,60","5,64","5,65","5,51","86,90K","0,00%"
"23.05.2019","5,60","5,61","5,71","5,57","62,90K","-0,18%"
"22.05.2019","5,61","5,66","5,67","5,61","1,40K","-0,18%"
"21.05.2019","5,62","5,70","5,70","5,61","7,80K","-1,40%"
"20.05.2019","5,70","5,67","5,72","5,64","5,90K","1,24%"
"17.05.2019","5,63","5,67","5,75","5,60","27,10K","-0,53%"
"16.05.2019","5,66","5,74","5,80","5,56","60,10K","-0,70%"
"15.05.2019","5,70","5,70","5,74","5,69","4,60K","0,00%"
"14.05.2019","5,70","5,83","5,83","5,70","15,80K","0,00%"
"13.05.2019","5,70","5,76","5,78","5,68","30,20K","-1,21%"
"10.05.2019","5,77","5,88","5,88","5,70","28,00K","-1,20%"
"08.05.2019","5,84","5,82","5,93","5,80","72,40K","1,21%"
"07.05.2019","5,77","5,83","5,89","5,70","94,50K","-1,03%"
"06.05.2019","5,83","5,83","5,86","5,75","12,70K","0,00%"
"03.05.2019","5,83","5,69","5,84","5,67","49,50K","2,28%"
"02.05.2019","5,70","5,85","5,85","5,60","71,30K","-2,23%"
"30.04.2019","5,83","5,86","5,89","5,79","6,90K","-0,34%"
"29.04.2019","5,85","5,82","5,88","5,79","8,10K","-0,51%"
"26.04.2019","5,88","5,82","6,22","5,80","94,00K","0,86%"
"25.04.2019","5,83","5,85","5,89","5,83","11,30K","0,34%"
"24.04.2019","5,81","5,83","5,86","5,80","2,50K","0,00%"
"23.04.2019","5,81","5,83","5,87","5,75","25,50K","-0,34%"
"22.04.2019","5,83","5,74","5,83","5,66","44,80K","0,52%"
"19.04.2019","5,80","5,82","5,83","5,70","37,40K","0,00%"
"18.04.2019","5,80","5,82","5,87","5,71","11,70K","0,17%"
"17.04.2019","5,79","5,88","5,90","5,69","123,90K","-1,53%"
"16.04.2019","5,88","5,91","5,91","5,78","25,80K","-0,34%"
"15.04.2019","5,90","5,95","5,95","5,90","5,20K","0,00%"
"12.04.2019","5,90","6,00","6,02","5,90","13,10K","-1,17%"
"11.04.2019","5,97","5,97","5,98","5,78","54,00K","0,17%"
"10.04.2019","5,96","5,97","6,01","5,92","16,20K","-0,50%"
"09.04.2019","5,99","5,98","6,07","5,90","37,20K","0,84%"
"08.04.2019","5,94","5,85","6,03","5,84","77,20K","-0,34%"
"05.04.2019","5,96","5,89","5,96","5,87","7,70K","1,71%"
"04.04.2019","5,86","5,92","5,93","5,85","3,30K","-0,34%"
"03.04.2019","5,88","5,86","5,91","5,86","14,60K","0,17%"
"02.04.2019","5,87","5,84","5,90","5,75","25,40K","-0,51%"
"01.04.2019","5,90","5,88","5,90","5,77","33,40K","-0,34%"
"29.03.2019","5,92","5,92","5,96","5,85","5,00K","0,51%"
"28.03.2019","5,89","5,86","5,97","5,82","17,50K","0,17%"
"27.03.2019","5,88","5,92","5,92","5,80","60,30K","-1,18%"
"26.03.2019","5,95","5,90","5,95","5,89","3,60K","-0,17%"
"25.03.2019","5,96","5,91","5,96","5,82","8,20K","0,85%"
"22.03.2019","5,91","5,96","5,97","5,88","32,90K","-0,67%"
"21.03.2019","5,95","5,92","5,97","5,90","12,10K","0,51%"
"20.03.2019","5,92","5,93","5,96","5,89","8,30K","0,34%"
"19.03.2019","5,90","5,94","5,95","5,90","17,30K","-0,67%"
"18.03.2019","5,94","5,92","5,98","5,86","22,40K","0,68%"
"15.03.2019","5,90","6,09","6,50","5,80","326,50K","-1,99%"
"14.03.2019","6,02","6,01","6,04","5,95","16,80K","0,17%"
"13.03.2019","6,01","6,01","6,03","5,91","14,40K","0,84%"
"12.03.2019","5,96","6,02","6,06","5,95","28,40K","-0,67%"
"11.03.2019","6,00","5,96","6,04","5,95","14,00K","0,17%"
"07.03.2019","5,99","5,99","6,08","5,95","93,40K","-0,17%"
"06.03.2019","6,00","5,99","6,19","5,95","97,80K","0,17%"
"05.03.2019","5,99","6,02","6,10","5,96","36,90K","-1,80%"
"04.03.2019","6,10","6,03","6,16","6,00","62,30K","0,49%"
"01.03.2019","6,07","5,86","6,16","5,80","233,50K","2,88%"
"28.02.2019","5,90","5,88","5,92","5,85","6,70K","0,17%"
"27.02.2019","5,89","5,98","6,10","5,83","91,30K","-1,17%"
"26.02.2019","5,96","5,92","5,96","5,87","11,10K","0,51%"
"25.02.2019","5,93","5,83","5,97","5,77","37,40K","0,68%"
"22.02.2019","5,89","5,77","5,89","5,77","14,10K","1,03%"
"21.02.2019","5,83","5,92","6,26","5,80","257,50K","-1,85%"
"20.02.2019","5,94","5,94","6,00","5,76","105,70K","0,17%"
"19.02.2019","5,93","6,00","6,01","5,81","112,60K","-1,33%"
"18.02.2019","6,01","5,94","6,91","5,94","742,80K","0,50%"
"15.02.2019","5,98","5,97","6,04","5,89","51,50K","0,50%"
"14.02.2019","5,95","5,97","5,98","5,83","65,80K","-0,34%"
"13.02.2019","5,97","5,99","6,06","5,80","125,60K","-1,97%"
"12.02.2019","6,09","6,19","6,19","5,90","119,70K","-0,81%"
"11.02.2019","6,14","6,11","6,24","5,93","104,80K","0,00%"
"08.02.2019","6,14","6,10","6,17","6,04","28,50K","0,16%"
"07.02.2019","6,13","6,19","6,23","6,06","37,20K","-0,97%"
"06.02.2019","6,19","6,12","6,41","6,07","234,00K","0,81%"
"05.02.2019","6,14","6,15","6,22","6,07","48,60K","-1,13%"
"04.02.2019","6,21","6,10","6,27","6,03","37,70K","1,80%"
"01.02.2019","6,10","6,35","6,42","6,00","213,60K","-3,48%"
"31.01.2019","6,32","6,43","6,60","6,20","232,40K","-1,40%"
"30.01.2019","6,41","6,30","6,69","6,03","547,80K","0,79%"
"29.01.2019","6,36","6,70","6,79","6,27","180,30K","-4,50%"
"28.01.2019","6,66","7,00","7,25","6,54","411,10K","-4,03%"
"25.01.2019","6,94","6,59","7,13","6,59","208,80K","3,89%"
"24.01.2019","6,68","6,57","6,97","6,21","452,60K","1,37%"